document_id,aggregate_type,aggregate_id,property_id,license_id,filename,media_type,size_bytes,sha256,uploaded_by
b0cdef92-4e59-4daf-acf5-139f5afef3a8,license,d82be31e-b59a-490d-86e2-a3c0a630036a,ab07c9dd-b4d3-43e7-9201-53b02e93184a,d82be31e-b59a-490d-86e2-a3c0a630036a,pmc-occ-2026-000001_application_note_01.txt,text/plain,128,ca11e16f32065d080e1770e69acd7413380fd71de090981f77384f97ed176993,pmc-lic-09
27e9e444-e1a3-4095-ab73-8f1beb690598,license,8029fb40-16fb-4438-9f3c-72ea8a947c82,f493204c-43af-450a-b7d2-2351664ff9f1,8029fb40-16fb-4438-9f3c-72ea8a947c82,bmc-fir-2026-000002_application_note_01.txt,text/plain,130,a3d6d69d5725d27233d21972a1af51f6375d8ca62fce802b31158c98ba93731f,bmc-lic-23
d7caf61a-ddad-4a4b-9e8e-c124925ea34b,license,8029fb40-16fb-4438-9f3c-72ea8a947c82,f493204c-43af-450a-b7d2-2351664ff9f1,8029fb40-16fb-4438-9f3c-72ea8a947c82,bmc-fir-2026-000002_ownership_note_02.txt,text/plain,128,af2ff8f0cd01b6e9aa6e629c2c6931b5f73ff5d5cac82fb5c148bdddd053bb1a,bmc-lic-23
afb75ed6-0c34-4f8a-807b-35edea8c5b26,license,8029fb40-16fb-4438-9f3c-72ea8a947c82,f493204c-43af-450a-b7d2-2351664ff9f1,8029fb40-16fb-4438-9f3c-72ea8a947c82,bmc-fir-2026-000002_site_photo_note_03.txt,text/plain,129,4ef072f57a584087dbb810ddfd7a5f6548b3d583b7f75b2abfc876a944c4d85a,bmc-lic-23
5d1f9557-e0b2-4f55-95d9-4743a3982602,license,34804dcc-8c5a-4c91-bc8f-ae9164f7b940,bdc51769-82d0-4971-9e3c-4a218b2068a6,34804dcc-8c5a-4c91-bc8f-ae9164f7b940,bmc-hlt-2026-000003_application_note_01.txt,text/plain,126,c5d1ebdd327418b21ed3bdecc1078fc63f31e67c7333df4b691ee468b25c036d,bmc-lic-07
2984f846-74fe-411f-9ff1-531ab8c18bc7,license,4924c3f9-89ef-4139-9477-5af2738e5948,1bcb5087-070b-477e-a177-1d78ebe610e0,4924c3f9-89ef-4139-9477-5af2738e5948,pmc-occ-2026-000004_application_note_01.txt,text/plain,131,9484b8a64a860c6ab4f41a26e1b88dc7302a0a29f7fd07703cafe28db3371238,pmc-lic-02
66597e07-07f2-4ab9-813e-cddd3d394bc4,license,4924c3f9-89ef-4139-9477-5af2738e5948,1bcb5087-070b-477e-a177-1d78ebe610e0,4924c3f9-89ef-4139-9477-5af2738e5948,pmc-occ-2026-000004_ownership_note_02.txt,text/plain,129,4c1acbbeac774ebdd590f6b7531c5e690423c7e6c38b20dcdfc07e6d5adba3d4,pmc-lic-02
457a9da4-29dc-4351-b2e5-ff38517e0f07,license,4924c3f9-89ef-4139-9477-5af2738e5948,1bcb5087-070b-477e-a177-1d78ebe610e0,4924c3f9-89ef-4139-9477-5af2738e5948,pmc-occ-2026-000004_site_photo_note_03.txt,text/plain,130,72d3be26c5e2e763954fe8202a57138d89bd910ea4b88121a10ed9bed0cf6714,pmc-lic-02
e039367e-7983-4e90-82be-2734e526ce17,license,4924c3f9-89ef-4139-9477-5af2738e5948,1bcb5087-070b-477e-a177-1d78ebe610e0,4924c3f9-89ef-4139-9477-5af2738e5948,pmc-occ-2026-000004_deficiency_memo_04.txt,text/plain,130,c335e93e49b93c42d499bac0c3856621a2fae14d8f3cddbe8e6ffab74ff90e87,pmc-lic-02
9d481720-7b7f-4e7d-b49b-d19bac169d39,license,dafabab4-63a7-4003-9e30-81879a13877f,d006fef2-31f8-4b4e-b4a6-d5c47a0e742c,dafabab4-63a7-4003-9e30-81879a13877f,bmc-sbd-2026-000005_application_note_01.txt,text/plain,125,2b30f5b2f9d32622fdf043eb7fe31c088b225ba502229ce21fef9d671e657f5a,bmc-lic-22
bdc18b03-05a7-47ee-8fb2-9db30c4e2e8f,license,dafabab4-63a7-4003-9e30-81879a13877f,d006fef2-31f8-4b4e-b4a6-d5c47a0e742c,dafabab4-63a7-4003-9e30-81879a13877f,bmc-sbd-2026-000005_ownership_note_02.txt,text/plain,123,f8ac3c4cebdc24cd6090a7c49940fa06cfe54729c31e1761356a7d04f1ddffaf,bmc-lic-22
07e6b29b-8770-4724-a16d-11380a52d227,license,d11f2c82-66f3-4b46-8aee-2075a992fdd6,4b4f230e-9c3d-4a15-be3c-b43c80bd60e2,d11f2c82-66f3-4b46-8aee-2075a992fdd6,bmc-hlt-2026-000006_application_note_01.txt,text/plain,128,c772f22e1caaf680c9989b9b0e8b4fd440e072c667567f660bc8d7bb16f54fda,bmc-lic-07
d6711026-b32a-47ca-936e-01f5acdba153,license,d11f2c82-66f3-4b46-8aee-2075a992fdd6,4b4f230e-9c3d-4a15-be3c-b43c80bd60e2,d11f2c82-66f3-4b46-8aee-2075a992fdd6,bmc-hlt-2026-000006_ownership_note_02.txt,text/plain,126,a8ea936e4dba602d3d104c42d47b6a46fb33c254980475a6f5ad565b8fe5531f,bmc-lic-07
b9c34425-fee3-4d47-ae3f-f692524daee9,license,e5c6b922-9fbf-4b0e-a2fa-a56bab041f4e,3e151e46-5ad9-455f-81b4-a74181ed5407,e5c6b922-9fbf-4b0e-a2fa-a56bab041f4e,pmc-bpa-2026-000007_application_note_01.txt,text/plain,141,576d1870635acbc84ccb09ada5e1b2682914237e4f5a26e2164157f1c08efa53,pmc-lic-12
0c06b548-ff5f-4691-8628-340713cb6c0c,license,4cb59cee-e242-4ffb-a38e-e02655b3d4f7,09a3dd3e-3dd4-4acc-9975-5c7a0df0aedb,4cb59cee-e242-4ffb-a38e-e02655b3d4f7,bmc-fir-2026-000008_application_note_01.txt,text/plain,128,5e56702dad0908ec4ea6cd12679d675527621ba748044e1bc7862c4cfd17955a,bmc-lic-06
9b69821b-3220-4975-a2cf-6fb361e747c6,license,4cb59cee-e242-4ffb-a38e-e02655b3d4f7,09a3dd3e-3dd4-4acc-9975-5c7a0df0aedb,4cb59cee-e242-4ffb-a38e-e02655b3d4f7,bmc-fir-2026-000008_ownership_note_02.txt,text/plain,126,eb080c56de134f9b7a39c615bbfb0aee71f555f139f52db8f2acf59e06816273,bmc-lic-06
23be00b5-3ac9-418c-bdfd-59a13f9db5e5,license,4cb59cee-e242-4ffb-a38e-e02655b3d4f7,09a3dd3e-3dd4-4acc-9975-5c7a0df0aedb,4cb59cee-e242-4ffb-a38e-e02655b3d4f7,bmc-fir-2026-000008_site_photo_note_03.txt,text/plain,127,e9260e087dee38366d73623981fabfa8fd33328cf7436cdfb5097755e2ba638a,bmc-lic-06
0c6933f7-fdb2-473f-8cb3-460c8a6f7ae6,license,bf24fc9e-b71b-4ec5-bbcb-04a041924c95,a7254628-4035-4645-b428-225ffb8e3cb7,bf24fc9e-b71b-4ec5-bbcb-04a041924c95,bmc-fir-2026-000009_application_note_01.txt,text/plain,126,d855443a8cbf68b5dea4010cde6667eb088a68e1cdea93f6f2c8ce8d094c8b46,bmc-lic-05
61be33f5-68f5-4a8b-a432-2da20b031267,license,4e384d89-6814-4fb6-95bf-f6b28678026c,9d052708-d7d3-4af9-924a-4aefbbfdba6b,4e384d89-6814-4fb6-95bf-f6b28678026c,pmc-occ-2026-000010_application_note_01.txt,text/plain,135,a53e9088c0c944616b57eb6a1cd80f3a93950ecb6babbb296becd871ce038586,pmc-lic-06
ae804ab8-73e1-49f8-90a1-15b16122eaf4,license,4e384d89-6814-4fb6-95bf-f6b28678026c,9d052708-d7d3-4af9-924a-4aefbbfdba6b,4e384d89-6814-4fb6-95bf-f6b28678026c,pmc-occ-2026-000010_ownership_note_02.txt,text/plain,133,6f1d6ae8dd1ed995bf2a16da1c9aa451f987313d7f5ae987ce5539e218c40ac4,pmc-lic-06
1131f87a-63f9-489a-8013-e0e179240ef9,license,822b66e5-75d7-460c-baa1-8aa22b36a2f9,e8d77d69-3e63-4c77-ae5a-f53c3622249c,822b66e5-75d7-460c-baa1-8aa22b36a2f9,pmc-trd-2026-000011_application_note_01.txt,text/plain,136,ca344cb4146868d5b3118ecf7ea174f87c20acab33ca9c3b56eda5fa2c4343af,pmc-lic-06
cfe169ed-f9da-427f-a5fa-44c1c272bf98,license,822b66e5-75d7-460c-baa1-8aa22b36a2f9,e8d77d69-3e63-4c77-ae5a-f53c3622249c,822b66e5-75d7-460c-baa1-8aa22b36a2f9,pmc-trd-2026-000011_ownership_note_02.txt,text/plain,134,b6550d3ac9419559d2c38dd1e772dfa3ce59b129d24b65f15a7f7f5b4d5f40b6,pmc-lic-06
ab391fa7-402f-44bf-a6a4-91146c597f84,license,0e2fc87f-0d29-41f1-b0ec-88d08f8df534,0bee945e-a7bc-4f33-976f-5a10ec046119,0e2fc87f-0d29-41f1-b0ec-88d08f8df534,bmc-bpa-2026-000012_application_note_01.txt,text/plain,126,c2cc4a0c818ff1ecc945145932814af6f453a2ae9ebf0b50ca9eaad0a2871d92,bmc-lic-19
57ae16bc-fd3a-4963-8887-b680a78eb896,license,8be9577f-540b-459b-a2fe-29c80348a90f,2f3ea6ce-63dc-47c6-8f6e-c16aae4002a2,8be9577f-540b-459b-a2fe-29c80348a90f,bmc-bpa-2026-000013_application_note_01.txt,text/plain,127,57f4a9bae4b6836c660925f3cabf1156b758ceea143b678d1ec496a8ea861267,bmc-lic-18
8f2a1729-98bc-457d-9904-02ed27b03874,license,bcf1cb2b-1820-4cbf-b3c3-04eddf9fa2d8,6631fcc0-5e65-4106-9460-57029da1a77a,bcf1cb2b-1820-4cbf-b3c3-04eddf9fa2d8,pmc-bpa-2026-000014_application_note_01.txt,text/plain,132,58a4fa1b5c71449dbc2c16ff4d59a09a5d6146482ace8e53e08193166184265f,pmc-lic-02
285e92da-6887-47b5-8c3b-dbff63820dda,license,bcf1cb2b-1820-4cbf-b3c3-04eddf9fa2d8,6631fcc0-5e65-4106-9460-57029da1a77a,bcf1cb2b-1820-4cbf-b3c3-04eddf9fa2d8,pmc-bpa-2026-000014_ownership_note_02.txt,text/plain,130,5ac6a794c61436f4ffcf80279d4b141236f29c7ca6e6cf9541026a67ffd7bc4b,pmc-lic-02
d5aa6353-3afc-4afc-830f-eff249a7afe4,license,bcf1cb2b-1820-4cbf-b3c3-04eddf9fa2d8,6631fcc0-5e65-4106-9460-57029da1a77a,bcf1cb2b-1820-4cbf-b3c3-04eddf9fa2d8,pmc-bpa-2026-000014_site_photo_note_03.txt,text/plain,131,8f140247038c63e935697b1fd2dcfb95bc81bcc40bcfb884bfbd2436cb9b038c,pmc-lic-02
7d2cb966-bfa5-4d35-95af-f7ca0e4613cf,license,ebe350e3-2d3d-4ee8-b140-c17d89d95454,1f47c80e-1451-453c-b6f2-cd0d2bc4f28b,ebe350e3-2d3d-4ee8-b140-c17d89d95454,pmc-trd-2026-000015_application_note_01.txt,text/plain,141,62936fbf3c2aaebd41c0b66104c9ef250de327ac13ca09e210ace9897183bffa,pmc-lic-05
96c28478-08a8-4913-a371-6e542d2894a5,license,ebe350e3-2d3d-4ee8-b140-c17d89d95454,1f47c80e-1451-453c-b6f2-cd0d2bc4f28b,ebe350e3-2d3d-4ee8-b140-c17d89d95454,pmc-trd-2026-000015_ownership_note_02.txt,text/plain,139,901d62db826a7500189af1c51ffddbcb577cbdb059200b67453229312b58712a,pmc-lic-05
3a332d2e-4e1f-404f-a0cb-382e08820dfe,license,f2d6063e-9e5b-4c74-b099-622a5b33fb0c,8f75edb2-604b-4d5b-b02b-8a6dd84d4d70,f2d6063e-9e5b-4c74-b099-622a5b33fb0c,pmc-hlt-2026-000016_application_note_01.txt,text/plain,140,a4b34b9f46ee41298f8a5fd1dfe279570006cae4eee8d6e66f625c337e07ecce,pmc-lic-12
a0b6cd74-1af2-47bc-8c19-f14ebb8e1189,license,f2d6063e-9e5b-4c74-b099-622a5b33fb0c,8f75edb2-604b-4d5b-b02b-8a6dd84d4d70,f2d6063e-9e5b-4c74-b099-622a5b33fb0c,pmc-hlt-2026-000016_ownership_note_02.txt,text/plain,138,3755015fc1a55ef1c7fc0f5dbe750493443177732f64b96f9e2dcc53f55375e7,pmc-lic-12
c8eb0047-5d07-43b6-9ee8-bed557fd4e34,license,f2d6063e-9e5b-4c74-b099-622a5b33fb0c,8f75edb2-604b-4d5b-b02b-8a6dd84d4d70,f2d6063e-9e5b-4c74-b099-622a5b33fb0c,pmc-hlt-2026-000016_site_photo_note_03.txt,text/plain,139,a63f1ef6773e905fe40b7c7225727d947eabf4880db4da88b6a1dcc61de39cae,pmc-lic-12
a006e97a-9e5c-48b0-942b-64fd0cca64e7,license,8a351d06-eff1-4243-8bc2-1caa68f17910,f65df517-7160-4d50-9b23-d47e5e2d9621,8a351d06-eff1-4243-8bc2-1caa68f17910,pmc-trd-2026-000017_application_note_01.txt,text/plain,136,7abebaecdb3cffc5a58d406be9a4069c3d18bba0e9a64c5769e84729cc34cc6b,pmc-lic-11
44a46c5b-1063-4d46-80c0-3b5fca00022c,license,8a351d06-eff1-4243-8bc2-1caa68f17910,f65df517-7160-4d50-9b23-d47e5e2d9621,8a351d06-eff1-4243-8bc2-1caa68f17910,pmc-trd-2026-000017_ownership_note_02.txt,text/plain,134,79ac672c5ac0b494317c93c9f4acdb4232c0600d10a346f04e36520900ec0bc9,pmc-lic-11
95b201ca-3de0-43e8-aa8a-61568e788ae9,license,c366e66e-4e54-4769-b403-1c1479041497,21664a09-9aae-4062-bf83-0a8df014039a,c366e66e-4e54-4769-b403-1c1479041497,bmc-bpa-2026-000018_application_note_01.txt,text/plain,128,34a2ae405817c6118f4b190b9713cdf718f1ff0f61d5d41971ff920e64166684,bmc-lic-06
558784ff-bf7e-44d5-aca8-379456169bf5,license,c366e66e-4e54-4769-b403-1c1479041497,21664a09-9aae-4062-bf83-0a8df014039a,c366e66e-4e54-4769-b403-1c1479041497,bmc-bpa-2026-000018_ownership_note_02.txt,text/plain,126,81f47aa2e8f99c6c7a1cf556201c6838fa96753a6b01e0442c16c4f164e89319,bmc-lic-06
25058517-ea0b-4816-8b98-8bcbdf751d63,license,3fa2eac7-94eb-43ff-977d-a63f6c7ed74a,b51b1686-5472-467e-9c22-8f639036b2cb,3fa2eac7-94eb-43ff-977d-a63f6c7ed74a,pmc-occ-2026-000019_application_note_01.txt,text/plain,134,b90ad6b570db299efe8ee4073245ea08789b41080b187772b373661a6be61e76,pmc-lic-10
be2e05e3-884a-45ca-a547-310e0ba19a12,license,0e3cf498-76ba-4c90-8241-d9f93d4c7328,80020b1e-a75c-4b72-971a-41feb3d75b33,0e3cf498-76ba-4c90-8241-d9f93d4c7328,pmc-trd-2026-000020_application_note_01.txt,text/plain,131,18230d50ca889f6bac03f4ce7cacd0aa9f5bc2e8d9bdbfd26b6a39f96003b60c,pmc-lic-09
46efb65c-991d-44ca-8ec0-c898dbbf409e,license,0e3cf498-76ba-4c90-8241-d9f93d4c7328,80020b1e-a75c-4b72-971a-41feb3d75b33,0e3cf498-76ba-4c90-8241-d9f93d4c7328,pmc-trd-2026-000020_ownership_note_02.txt,text/plain,129,ba63d305adf71dee632cd631af97b355fe195dcfb092402692eefcfd28557343,pmc-lic-09
51e98372-ae16-4d21-a660-b7287d5861ce,license,0e3cf498-76ba-4c90-8241-d9f93d4c7328,80020b1e-a75c-4b72-971a-41feb3d75b33,0e3cf498-76ba-4c90-8241-d9f93d4c7328,pmc-trd-2026-000020_site_photo_note_03.txt,text/plain,130,df84b53bb7e49724ec386a6b4875d480b27ea78d78c62a055e6a3d4d4879b28c,pmc-lic-09
ecb2ed20-3add-45b6-8f40-16ce933835d9,license,19c39797-6259-438e-abf3-9351eda50632,f707ddab-cfe8-4784-9c6d-91e0fe130fd1,19c39797-6259-438e-abf3-9351eda50632,pmc-trd-2026-000021_application_note_01.txt,text/plain,134,605af5c30b10b09ed7401fdc7e2877d83d3f28bc17ac4a8d002ac63bc0dfe2a6,pmc-lic-06
1f585180-2be6-44c2-bde1-5ad7fccb6329,license,19c39797-6259-438e-abf3-9351eda50632,f707ddab-cfe8-4784-9c6d-91e0fe130fd1,19c39797-6259-438e-abf3-9351eda50632,pmc-trd-2026-000021_ownership_note_02.txt,text/plain,132,c88f24c3ba0ddbe3c2029e29953a5b4f03e94a160bbd23ae5066aad1810c109b,pmc-lic-06
539ad86b-a858-462c-a8e4-61fc3330bf9d,license,19c39797-6259-438e-abf3-9351eda50632,f707ddab-cfe8-4784-9c6d-91e0fe130fd1,19c39797-6259-438e-abf3-9351eda50632,pmc-trd-2026-000021_site_photo_note_03.txt,text/plain,133,4a07fc2b868b7b42bbfe8d3f7a500fc52483d3b97d725aec309cc7ca66df7db6,pmc-lic-06
96f8d70b-4999-4788-b141-ee1614c2dcaf,license,fde27218-0ace-4f4f-98e2-f6c1cc52fefa,688078ea-99ea-4fa6-8da0-60b5a618d8c5,fde27218-0ace-4f4f-98e2-f6c1cc52fefa,pmc-bpa-2026-000022_application_note_01.txt,text/plain,144,5cde4b03952fee63ccab2a8765309dc81c76111f84ac7a857ac5501ee665cd33,pmc-lic-05
a7241315-ae50-4f87-a8fe-1b7b2749845b,license,fde27218-0ace-4f4f-98e2-f6c1cc52fefa,688078ea-99ea-4fa6-8da0-60b5a618d8c5,fde27218-0ace-4f4f-98e2-f6c1cc52fefa,pmc-bpa-2026-000022_ownership_note_02.txt,text/plain,142,20070dca95d4185e66cd754274044bbe0e5146e233dee492788055e740d45ca7,pmc-lic-05
4e5cad54-addb-4303-a267-cf323a6400c1,license,fde27218-0ace-4f4f-98e2-f6c1cc52fefa,688078ea-99ea-4fa6-8da0-60b5a618d8c5,fde27218-0ace-4f4f-98e2-f6c1cc52fefa,pmc-bpa-2026-000022_site_photo_note_03.txt,text/plain,143,9f15433c99f3ff25fc94bd402a55ecd510cb42ccd51e56804b7b96b20b47fdbc,pmc-lic-05
6e49d060-b82d-4201-84c8-7ec2c9fa73ce,license,6ea9fab1-d94c-4259-a0ed-70cc34cf4a0b,07b8f37c-83f2-450f-ab88-eac87cf7ff25,6ea9fab1-d94c-4259-a0ed-70cc34cf4a0b,bmc-trd-2026-000023_application_note_01.txt,text/plain,127,bf721fd7782def57740304088f4e5c1f6551e37a02946ecab33247ecea8980e2,bmc-lic-12
f8bea5b4-a54e-468f-af1e-6ea695d503e8,license,da283bbb-7131-4089-b13d-5d39c028bae6,2044c392-a776-451a-91a3-420df989bdda,da283bbb-7131-4089-b13d-5d39c028bae6,bmc-sbd-2026-000024_application_note_01.txt,text/plain,132,a1532627fe0b65741865258700ae6005ce60ede9e99f962ebe37784c85a49a19,bmc-lic-09
47b1c1c7-7a3a-4139-ad33-1dae8f0e762d,license,da283bbb-7131-4089-b13d-5d39c028bae6,2044c392-a776-451a-91a3-420df989bdda,da283bbb-7131-4089-b13d-5d39c028bae6,bmc-sbd-2026-000024_ownership_note_02.txt,text/plain,130,901676b7cf1fa9716eec91087a590512a55f8fa00679dbefbe4824135b987d9a,bmc-lic-09
7ec82b75-82fa-4147-b50e-50430c68defb,license,da283bbb-7131-4089-b13d-5d39c028bae6,2044c392-a776-451a-91a3-420df989bdda,da283bbb-7131-4089-b13d-5d39c028bae6,bmc-sbd-2026-000024_site_photo_note_03.txt,text/plain,131,550daa05c1f7f31bda62568d96363e1840a0fc2bf60f383f0349f05d4271a75c,bmc-lic-09
c641d01b-eab1-4091-8ba3-0ed3b93c0e64,license,924e612d-cea5-4fa9-8b61-60475e63c1ce,454b819e-d5a2-4f12-8092-b85ea7128c53,924e612d-cea5-4fa9-8b61-60475e63c1ce,bmc-occ-2026-000025_application_note_01.txt,text/plain,125,b36c31affb5e9d81d3f0ff23c98f2e75ae73b37a62019cea1782ad3ef42f47a0,bmc-lic-02
81e1aed5-73ea-492b-8707-0d0d0f1f7e94,license,924e612d-cea5-4fa9-8b61-60475e63c1ce,454b819e-d5a2-4f12-8092-b85ea7128c53,924e612d-cea5-4fa9-8b61-60475e63c1ce,bmc-occ-2026-000025_ownership_note_02.txt,text/plain,123,6c0ea00e0687e8d1631812151db0ac872e7435c2f3550e3981fc7e3721215886,bmc-lic-02
c17d886f-7cb2-467d-ac25-ca1ad9c35e93,license,924e612d-cea5-4fa9-8b61-60475e63c1ce,454b819e-d5a2-4f12-8092-b85ea7128c53,924e612d-cea5-4fa9-8b61-60475e63c1ce,bmc-occ-2026-000025_site_photo_note_03.txt,text/plain,124,b89cd9cf5eadbe13c68bd5527a492483b1e9f2894f7fe441dc8bdbd24e23adaf,bmc-lic-02
8d0cb6d7-64c1-430d-be03-bf5de06d1a79,license,924e612d-cea5-4fa9-8b61-60475e63c1ce,454b819e-d5a2-4f12-8092-b85ea7128c53,924e612d-cea5-4fa9-8b61-60475e63c1ce,bmc-occ-2026-000025_deficiency_memo_04.txt,text/plain,124,6b3d72b273b7416ef0d21502076f647b373c70f91eb69a42eaa2a8c53eb4f351,bmc-lic-02
64039de4-d3c5-4cfc-a45f-b3e4e3a3c67b,license,27b3eeab-886a-4d0f-ae86-4ed03e66ebb5,a7ff01db-ec82-4305-9f65-fdfd2fb7898c,27b3eeab-886a-4d0f-ae86-4ed03e66ebb5,pmc-hlt-2026-000026_application_note_01.txt,text/plain,133,2a03260868fa7a4e7a97b865b9d64c496810c4a9c637e76c0e577d5539b8ae92,pmc-lic-06
d3401e56-359b-4d43-a49b-f0d04fedfff5,license,27b3eeab-886a-4d0f-ae86-4ed03e66ebb5,a7ff01db-ec82-4305-9f65-fdfd2fb7898c,27b3eeab-886a-4d0f-ae86-4ed03e66ebb5,pmc-hlt-2026-000026_ownership_note_02.txt,text/plain,131,1d6d09c6239e7954644a812571b51a04de759b475590b0042e69f7de84a5b431,pmc-lic-06
ce5d0dd7-4d4c-4223-99e4-70af630bf044,license,ee4af8f2-891e-4500-a912-a38cd19c98d2,0788774c-e82b-4a2e-b52c-12f9f33ec721,ee4af8f2-891e-4500-a912-a38cd19c98d2,bmc-trd-2026-000027_application_note_01.txt,text/plain,126,023ed50b09b3e122dd65b2c239247a6760d8c87804ac9eab574f4d81a0ea5433,bmc-lic-23
fc1f5712-b5fc-4046-91be-9df3a9a9cc8a,license,ee4af8f2-891e-4500-a912-a38cd19c98d2,0788774c-e82b-4a2e-b52c-12f9f33ec721,ee4af8f2-891e-4500-a912-a38cd19c98d2,bmc-trd-2026-000027_ownership_note_02.txt,text/plain,124,7adfc52900ef9776c4ba3076f802c6daea95f41124627502ab413d67862d1c8f,bmc-lic-23
afddb5d1-04c3-49c3-ad16-cfad643ea36c,license,ee4af8f2-891e-4500-a912-a38cd19c98d2,0788774c-e82b-4a2e-b52c-12f9f33ec721,ee4af8f2-891e-4500-a912-a38cd19c98d2,bmc-trd-2026-000027_site_photo_note_03.txt,text/plain,125,24bf6e465f88ecb08e8be30b7f6355f833a689a15214f780a87db04475b10f56,bmc-lic-23
1b7169fd-57f2-4927-9fcd-5c1caef97f21,license,ce09d787-546e-456a-81f2-371d32ed58b4,875f666d-e23b-494b-a72f-8bb5fa0e039e,ce09d787-546e-456a-81f2-371d32ed58b4,pmc-sto-2026-000028_application_note_01.txt,text/plain,128,0ad267a86aae1b14064a57b5a75c423902b2bd3182c78b2e897e2cd8ccff3c69,pmc-lic-03
611420e8-8ae9-4cdd-a25e-27c147d11b26,license,949c57eb-4cfa-416a-ba8e-db0555d9e022,fd140bfc-e25f-4aaa-8ba8-0ccac320081f,949c57eb-4cfa-416a-ba8e-db0555d9e022,bmc-trd-2026-000029_application_note_01.txt,text/plain,125,62fe4633e61a51fdac6600e7969d82e8159b0416f0697c2beb555f374c517b8a,bmc-lic-23
56d66fb4-e75b-496c-b130-9b5b55bddda0,license,949c57eb-4cfa-416a-ba8e-db0555d9e022,fd140bfc-e25f-4aaa-8ba8-0ccac320081f,949c57eb-4cfa-416a-ba8e-db0555d9e022,bmc-trd-2026-000029_ownership_note_02.txt,text/plain,123,249ede96f724e03cea46e5f6a3b7ddbfc6fd2cb8f21d32dbf0931696dedc0c54,bmc-lic-23
7d337e17-9973-487e-8ba2-4be7ff73ac97,license,949c57eb-4cfa-416a-ba8e-db0555d9e022,fd140bfc-e25f-4aaa-8ba8-0ccac320081f,949c57eb-4cfa-416a-ba8e-db0555d9e022,bmc-trd-2026-000029_site_photo_note_03.txt,text/plain,124,bc95b0b0ece7412c790246e6c3624a33c01a519be5555841c1f7f29e502945ca,bmc-lic-23
114e1f29-6db2-4932-9f27-19e1b50736d9,license,97e3dff5-7b21-4224-a12e-a30d5a58e248,ca8930d3-fa8b-48ac-99b3-ff0849c0a2f9,97e3dff5-7b21-4224-a12e-a30d5a58e248,pmc-bpa-2026-000030_application_note_01.txt,text/plain,140,43a8b35c9b96ae1d3c363e417c1e5ac002f154e47ca5f69a9eb5f4da4911f40f,pmc-lic-01
cee51049-610c-4745-b06d-51a4cdaee68b,license,97e3dff5-7b21-4224-a12e-a30d5a58e248,ca8930d3-fa8b-48ac-99b3-ff0849c0a2f9,97e3dff5-7b21-4224-a12e-a30d5a58e248,pmc-bpa-2026-000030_ownership_note_02.txt,text/plain,138,c54de12e16fa00bf3496a04c4b66933827db184131c08dc0b7a71c32c10f6b22,pmc-lic-01
0d8a5399-c6c8-465a-aa42-c3b123be7c70,license,97e3dff5-7b21-4224-a12e-a30d5a58e248,ca8930d3-fa8b-48ac-99b3-ff0849c0a2f9,97e3dff5-7b21-4224-a12e-a30d5a58e248,pmc-bpa-2026-000030_site_photo_note_03.txt,text/plain,139,c307ba01b90473fa1437951b878f318a8cd53af98feee51e1d6d36528ff65555,pmc-lic-01
381a18b3-992e-49ac-aac3-848360949ada,license,4e742980-5266-43f4-af4d-08b23c430803,73d70a4b-1db1-40c0-b5ce-9429315bdedd,4e742980-5266-43f4-af4d-08b23c430803,bmc-trd-2026-000031_application_note_01.txt,text/plain,132,3d253891a8a10e59091c2a05cc27992a739737a963847de149535b0fde93e22b,bmc-lic-18
a0e2f997-af9f-4fa2-9546-ec27f6fda7cd,license,4e742980-5266-43f4-af4d-08b23c430803,73d70a4b-1db1-40c0-b5ce-9429315bdedd,4e742980-5266-43f4-af4d-08b23c430803,bmc-trd-2026-000031_ownership_note_02.txt,text/plain,130,87d036253b570f138878591ec9b2a5ab3ab706b3fafbb1a519f62f5f475c6a0c,bmc-lic-18
ba8c7bd2-819b-4653-8255-aca1675c510f,license,5a5a43cf-423b-443b-8c3a-0c326047f3c5,e3ba5447-299d-4b68-a117-e2c26a10c8bc,5a5a43cf-423b-443b-8c3a-0c326047f3c5,pmc-occ-2026-000032_application_note_01.txt,text/plain,141,2de6a7913be32a60a5176da55959549b831dee3191ff8bfc5478892199c108d8,pmc-lic-01
ce44ff68-6214-449d-84d5-90ca2664d5f8,license,5a5a43cf-423b-443b-8c3a-0c326047f3c5,e3ba5447-299d-4b68-a117-e2c26a10c8bc,5a5a43cf-423b-443b-8c3a-0c326047f3c5,pmc-occ-2026-000032_ownership_note_02.txt,text/plain,139,fd11eacb4b1bebcf601332724987c25c4c52ffd448db3226044d21f9058b98bd,pmc-lic-01
a8dfc694-2b85-4186-8619-bac30b0b4c5c,license,5a5a43cf-423b-443b-8c3a-0c326047f3c5,e3ba5447-299d-4b68-a117-e2c26a10c8bc,5a5a43cf-423b-443b-8c3a-0c326047f3c5,pmc-occ-2026-000032_site_photo_note_03.txt,text/plain,140,65d17ea608fb5f8fb100f336b0c0ecc7abb98ff767bc505edd06d6f30e8063a2,pmc-lic-01
69382688-6398-4116-9ddc-5fc86c3e5234,license,284a8a5b-8e0b-4a4b-8ee6-2b815d54442a,ccfd17ad-1b36-4b0d-a92c-84afccd6541d,284a8a5b-8e0b-4a4b-8ee6-2b815d54442a,pmc-hlt-2026-000033_application_note_01.txt,text/plain,131,92e136cc51030cd06d2d33c59ff1455742cb00c881e671924ee9a4cf871ec916,pmc-lic-16
bb99626f-f206-47d7-8dd9-e43e773ba7ea,license,284a8a5b-8e0b-4a4b-8ee6-2b815d54442a,ccfd17ad-1b36-4b0d-a92c-84afccd6541d,284a8a5b-8e0b-4a4b-8ee6-2b815d54442a,pmc-hlt-2026-000033_ownership_note_02.txt,text/plain,129,72f893384cf683c3cb463fa8c2b38f98c558c355b47cd7640185570274301125,pmc-lic-16
f8da1163-7d51-402b-96da-22ad0c257ca9,license,26fe7def-5869-44a6-97ca-5097c8758dc5,650ca796-ac6a-48cc-a9eb-fd155f98c445,26fe7def-5869-44a6-97ca-5097c8758dc5,bmc-sbd-2026-000034_application_note_01.txt,text/plain,128,d7bce0ad1e645011a6ddd9c08592cb266ca42a9270a3c1f82829b2c6d10b14f8,bmc-lic-16
3972cf69-8852-4da6-afee-2274767ff999,license,26fe7def-5869-44a6-97ca-5097c8758dc5,650ca796-ac6a-48cc-a9eb-fd155f98c445,26fe7def-5869-44a6-97ca-5097c8758dc5,bmc-sbd-2026-000034_ownership_note_02.txt,text/plain,126,f767ac6b4dd8524d77c7e0df298ad84db28d4c1d43cc9831b5ca5569c28352cc,bmc-lic-16
01f93b57-d0c3-4bac-9322-29346df4a5f9,license,f16ba44e-feb2-4732-9a6e-412694ff18cc,ccdd8575-ce94-4a45-9d88-cf90742d3282,f16ba44e-feb2-4732-9a6e-412694ff18cc,pmc-occ-2026-000035_application_note_01.txt,text/plain,125,9cbc14d086a2ce00cc1096e8b77400af892cc4c83405b7c37a5af5643a633c82,pmc-lic-03
783f37a1-10a8-4cea-bdcf-7b6f2d01c08c,license,f16ba44e-feb2-4732-9a6e-412694ff18cc,ccdd8575-ce94-4a45-9d88-cf90742d3282,f16ba44e-feb2-4732-9a6e-412694ff18cc,pmc-occ-2026-000035_ownership_note_02.txt,text/plain,123,c0b947db732eb9edcaae259eb7501041328b663ddd50a9f66843deb4a6f3cb5a,pmc-lic-03
67d84af7-3488-46f7-bdc0-8ae007369a02,license,0c37b7ab-aad4-42b4-bd68-6aa5b3e2f3ec,6e10b692-bd4a-4ce6-8588-c67ab86c78fc,0c37b7ab-aad4-42b4-bd68-6aa5b3e2f3ec,bmc-fir-2026-000036_application_note_01.txt,text/plain,126,e142b1a547752c5cf473645920f71e389e161e3bd4d26cd67678d0b5b82d4dd4,bmc-lic-23
ac81d714-bb80-4ea5-994e-87e7dcfb3a57,license,0c37b7ab-aad4-42b4-bd68-6aa5b3e2f3ec,6e10b692-bd4a-4ce6-8588-c67ab86c78fc,0c37b7ab-aad4-42b4-bd68-6aa5b3e2f3ec,bmc-fir-2026-000036_ownership_note_02.txt,text/plain,124,42505bd06b8aeeadd88b121e2200b59259083dba779a4ab61db726780177dad8,bmc-lic-23
3c277b73-02e6-4c05-9bfc-af7bec725260,license,e59eceeb-fbd0-4a68-8779-2e4a943b3fd8,07599efb-5a79-4bcb-9ab8-bb4b4ee296e3,e59eceeb-fbd0-4a68-8779-2e4a943b3fd8,bmc-trd-2026-000037_application_note_01.txt,text/plain,129,7cdb7cdab9d4be64ae99a7f9a898fd9053d23a309842d9d6f8c4907de8caf8da,bmc-lic-24
931ccd5a-91b1-451a-9bd9-dbbf99ad9b66,license,bb475935-2dbe-44b2-bb65-b27816dd6455,ac3eb28a-083b-4ab9-8c48-88ef76efeaa6,bb475935-2dbe-44b2-bb65-b27816dd6455,pmc-sto-2026-000038_application_note_01.txt,text/plain,138,b4fd3e60ddf58617a8c1e6f08d8145d2d09f8c321813b30c33a0c73c59dd9d7d,pmc-lic-01
230d6c44-174f-44f8-8c8c-0f80518c6360,license,88e3d176-b5a9-42a5-91c9-3bdf8a0cbb70,b0337355-2365-44d3-aabe-cae2d4a33646,88e3d176-b5a9-42a5-91c9-3bdf8a0cbb70,pmc-trd-2026-000039_application_note_01.txt,text/plain,135,27b0c594694b4f7ccb6acbd3e95330e2d7caa435e64238099515b47bf774b6f2,pmc-lic-16
7f443889-b881-402c-b85e-3742c2320d1c,license,199ddb30-b746-4321-8e18-cec604ac8077,14767f5d-83b3-49bd-b4e1-577e0b0fa85b,199ddb30-b746-4321-8e18-cec604ac8077,bmc-fir-2026-000040_application_note_01.txt,text/plain,126,dceb3f4e72d3b9678203d99ca05fd60874ec8deb9fe86db1bd7381196ad8870f,bmc-lic-04
a5d3e980-983a-49ba-af0f-1fa246338bde,license,227519aa-1c4a-44ee-a302-41c92cfaa105,78f0175e-5e76-47af-b9ed-d61adc457ded,227519aa-1c4a-44ee-a302-41c92cfaa105,pmc-trd-2026-000041_application_note_01.txt,text/plain,139,57d246e815fc494b58ebe4c73f04dfa2e9d08ea4d6bbabbec40d4826b1f68f50,pmc-lic-01
48da067e-0a3f-46b0-a5fe-a55e16dec060,license,e51d2bc4-a01b-437d-a870-e174191385bb,54c5dc1c-1fc4-4cca-9b42-f56ad49b6975,e51d2bc4-a01b-437d-a870-e174191385bb,pmc-trd-2026-000042_application_note_01.txt,text/plain,129,f8bf8d16cbd7256035f26fedd964f396e89c06ecfea5d92efa012586ddcd0a86,pmc-lic-02
377a7274-f979-4a86-af31-698042a14995,license,e51d2bc4-a01b-437d-a870-e174191385bb,54c5dc1c-1fc4-4cca-9b42-f56ad49b6975,e51d2bc4-a01b-437d-a870-e174191385bb,pmc-trd-2026-000042_ownership_note_02.txt,text/plain,127,e3ace2a16e50f3bbb104bb837ff9ad19d7a7c733c88bc96904b87697a08c7c8b,pmc-lic-02
3e8ad92b-891a-4d5a-9c05-91c9ee5c9914,license,80600fb0-c861-4904-ba8a-d669ff747fb6,422d2da7-3935-4dff-a1fa-e2465119ac9b,80600fb0-c861-4904-ba8a-d669ff747fb6,bmc-hlt-2026-000043_application_note_01.txt,text/plain,123,c97c423b5594442f34f26d3efaceb840e1c3f1b93ba6298acad9d68e08d3f06b,bmc-lic-23
b54521ea-420c-4f8f-b02c-47e618577419,license,80600fb0-c861-4904-ba8a-d669ff747fb6,422d2da7-3935-4dff-a1fa-e2465119ac9b,80600fb0-c861-4904-ba8a-d669ff747fb6,bmc-hlt-2026-000043_ownership_note_02.txt,text/plain,121,8e9741983ddd4fef49c091dc1fa34161ef177eb9dcf3313641b7c7da47afeea9,bmc-lic-23
cc05707f-a960-42ef-aa95-f05f4b7ec06c,license,80600fb0-c861-4904-ba8a-d669ff747fb6,422d2da7-3935-4dff-a1fa-e2465119ac9b,80600fb0-c861-4904-ba8a-d669ff747fb6,bmc-hlt-2026-000043_site_photo_note_03.txt,text/plain,122,8870f0cf83acd3d7af17b358e520101b365bb88d42ddec67d6e28e69aca38213,bmc-lic-23
132c52ef-6e85-4352-a0a9-6a15a42fd498,license,4ae15229-0c51-4988-9d1b-9ea8a38b876b,0c3b20c6-6753-481a-bfec-095626e8cce8,4ae15229-0c51-4988-9d1b-9ea8a38b876b,bmc-bpa-2026-000044_application_note_01.txt,text/plain,133,727e68e0ce1492147d4381bc305422e8f69eea8e9caa3c9ccd8a6d1f01e335ec,bmc-lic-16
58a9bd61-2eec-4b0e-bc2b-efda3c2e6d27,license,4ae15229-0c51-4988-9d1b-9ea8a38b876b,0c3b20c6-6753-481a-bfec-095626e8cce8,4ae15229-0c51-4988-9d1b-9ea8a38b876b,bmc-bpa-2026-000044_ownership_note_02.txt,text/plain,131,b65ed905c5029dbd981dc3b2d8c5cafab984ac326fa4f1a7ef95cb5e712109a4,bmc-lic-16
c0418ac1-68cf-4667-8c99-8359e79917d7,license,419012c0-2fec-4055-b7d4-3005742f2387,8212391a-9862-4eda-b291-418608f67559,419012c0-2fec-4055-b7d4-3005742f2387,pmc-sbd-2026-000045_application_note_01.txt,text/plain,140,c30193e53c048c7c068ab6e610a841deae1d9987a5b251cbd8987d47138e71db,pmc-lic-01
29d9115c-408a-4c67-a395-7174de168c7b,license,419012c0-2fec-4055-b7d4-3005742f2387,8212391a-9862-4eda-b291-418608f67559,419012c0-2fec-4055-b7d4-3005742f2387,pmc-sbd-2026-000045_ownership_note_02.txt,text/plain,138,9f84b442f1c03e68349d5930eb5b1163e09ddb712023a90dff3bde7b8a8fa06f,pmc-lic-01
ef755e6d-bd3d-4e01-b5f6-619f62d35180,license,419012c0-2fec-4055-b7d4-3005742f2387,8212391a-9862-4eda-b291-418608f67559,419012c0-2fec-4055-b7d4-3005742f2387,pmc-sbd-2026-000045_site_photo_note_03.txt,text/plain,139,3ae7031b479badb95750d8253bc79540874fd9323ec9a692e7b9103c5047dc77,pmc-lic-01
f430db70-091d-4117-835e-4b0622f09a7e,license,8f505ce6-5818-4e8d-8d3e-1f334796a5a8,3e2d9dbd-dc37-44c5-a7b8-5f874ac4edb7,8f505ce6-5818-4e8d-8d3e-1f334796a5a8,bmc-bpa-2026-000046_application_note_01.txt,text/plain,127,e3422dacd450111c937699f8dec9b510958daca9b866b729fa5a63de5cb5034b,bmc-lic-12
ee4d48cc-63c1-497a-ac2d-c221491bab53,license,8f505ce6-5818-4e8d-8d3e-1f334796a5a8,3e2d9dbd-dc37-44c5-a7b8-5f874ac4edb7,8f505ce6-5818-4e8d-8d3e-1f334796a5a8,bmc-bpa-2026-000046_ownership_note_02.txt,text/plain,125,8d8023e96c41703f29bf1245bc46bfe8544bb6b5c07dd1657b88facdf382e314,bmc-lic-12
cc4de2a2-1eb1-4b62-a202-a4a48a8e8628,license,8f505ce6-5818-4e8d-8d3e-1f334796a5a8,3e2d9dbd-dc37-44c5-a7b8-5f874ac4edb7,8f505ce6-5818-4e8d-8d3e-1f334796a5a8,bmc-bpa-2026-000046_site_photo_note_03.txt,text/plain,126,f008fe37fcf2890be6cbd3c4b7cf3e81cafc67d9e0f401a96944391455ee84eb,bmc-lic-12
df17abb2-def2-418a-81a2-58856b6775ab,license,8f505ce6-5818-4e8d-8d3e-1f334796a5a8,3e2d9dbd-dc37-44c5-a7b8-5f874ac4edb7,8f505ce6-5818-4e8d-8d3e-1f334796a5a8,bmc-bpa-2026-000046_deficiency_memo_04.txt,text/plain,126,858646a9d734cc2f57f41d0a67a73b397c082ccf8bf853d46cae54ebea0e9454,bmc-lic-12
45adc038-9106-4bf7-8d5d-344992791ced,license,a26ac5d8-8d15-4a40-9734-cffc3a0ad555,2deb28a4-8af1-4efa-a0e4-562a3e1f7add,a26ac5d8-8d15-4a40-9734-cffc3a0ad555,bmc-fir-2026-000047_application_note_01.txt,text/plain,125,780d273a6d13086e966a2a5b15c6e51537180b496430a7f55963fa2b51b55554,bmc-lic-16
e458a6d4-a6a5-4ad7-9fbb-dd3f7160d128,license,19afd17b-31c6-4af3-b538-49c097df6b16,4d82e69a-5fa3-4416-b832-589b81849ad8,19afd17b-31c6-4af3-b538-49c097df6b16,pmc-bpa-2026-000048_application_note_01.txt,text/plain,135,f4f39532afce87f7e9809e10a8db73118ddfc07c955c70985a0001950e91948c,pmc-lic-07
61ee4f1f-1866-46d0-8fdc-4a3dacc3d503,license,70c5ce43-af47-43f9-b0cf-0be6071d6341,9732079f-4d76-4b85-897f-9bb46aea1b1b,70c5ce43-af47-43f9-b0cf-0be6071d6341,pmc-hlt-2026-000049_application_note_01.txt,text/plain,137,01be5ee9d4eecb5ce3361d78d03700a76d10a842012c3907e0989081bd2d8d6d,pmc-lic-01
4c5d9a78-3afa-4d2c-8900-6b283108d669,license,70c5ce43-af47-43f9-b0cf-0be6071d6341,9732079f-4d76-4b85-897f-9bb46aea1b1b,70c5ce43-af47-43f9-b0cf-0be6071d6341,pmc-hlt-2026-000049_ownership_note_02.txt,text/plain,135,777b89d2d89dcae1ac2a8ce0952f273e60b8fc044448b544c2c525c222139946,pmc-lic-01
1f5d9dde-1d57-4762-8052-39494fde2df7,license,70c5ce43-af47-43f9-b0cf-0be6071d6341,9732079f-4d76-4b85-897f-9bb46aea1b1b,70c5ce43-af47-43f9-b0cf-0be6071d6341,pmc-hlt-2026-000049_site_photo_note_03.txt,text/plain,136,1bafdd220170438e8a38a3c4998af359a83db91eee932d2ac0b645c1d28321f2,pmc-lic-01
026a2f9b-3142-4964-9ddf-3ba1e4c1eb5d,license,55feddb9-0ee1-4182-b02a-4c77362acc5d,7b99441a-90f6-4192-a785-4c3c55e9c037,55feddb9-0ee1-4182-b02a-4c77362acc5d,pmc-bpa-2026-000050_application_note_01.txt,text/plain,130,5c42d78611c28210578f8642c9269c6300343fcb014b3b26b3465a1e6b9f6a0f,pmc-lic-13
3cbc6706-fbe9-4844-a34f-fef9f3231489,license,55feddb9-0ee1-4182-b02a-4c77362acc5d,7b99441a-90f6-4192-a785-4c3c55e9c037,55feddb9-0ee1-4182-b02a-4c77362acc5d,pmc-bpa-2026-000050_ownership_note_02.txt,text/plain,128,76b96902fb34f86dfe9d9bbcb308ff90149d0acd187577c4a0f88519f1d542ea,pmc-lic-13
a88bd724-d7fa-4175-8952-d2e992b4ce57,license,55feddb9-0ee1-4182-b02a-4c77362acc5d,7b99441a-90f6-4192-a785-4c3c55e9c037,55feddb9-0ee1-4182-b02a-4c77362acc5d,pmc-bpa-2026-000050_site_photo_note_03.txt,text/plain,129,d1e15dc44cc87b3be069bad7fbda11094977e8e239005cfca724f1baa4104f6f,pmc-lic-13
c39db13d-425c-4ed2-ba57-7851cdedcd56,license,55feddb9-0ee1-4182-b02a-4c77362acc5d,7b99441a-90f6-4192-a785-4c3c55e9c037,55feddb9-0ee1-4182-b02a-4c77362acc5d,pmc-bpa-2026-000050_deficiency_memo_04.txt,text/plain,129,806c9bc8a1d0d4b2b863a5ae53a6faa990cb823f8f8e6a367055a74975e3400a,pmc-lic-13
0fd00c0a-1787-4533-b7b6-f73f7b71941d,license,a965c7da-3bea-4632-a8a2-817b7ecf5847,a88bea5e-7b37-4062-b266-9516ae956a82,a965c7da-3bea-4632-a8a2-817b7ecf5847,pmc-trd-2026-000051_application_note_01.txt,text/plain,139,882dc48af47adbab0e08650fbcfca6d1ca5f015e2e80c582f90fc8cbf0a1b157,pmc-lic-11
bdf46fc7-70a7-4287-9dcc-45334ec16851,license,a965c7da-3bea-4632-a8a2-817b7ecf5847,a88bea5e-7b37-4062-b266-9516ae956a82,a965c7da-3bea-4632-a8a2-817b7ecf5847,pmc-trd-2026-000051_ownership_note_02.txt,text/plain,137,20e0800281919da6b4c961184ef1ef9e0f4373cbee18e228ab2a31f2355eac5c,pmc-lic-11
ab11a8ee-9698-4808-a0d0-38bf9b01c801,license,a965c7da-3bea-4632-a8a2-817b7ecf5847,a88bea5e-7b37-4062-b266-9516ae956a82,a965c7da-3bea-4632-a8a2-817b7ecf5847,pmc-trd-2026-000051_site_photo_note_03.txt,text/plain,138,23485b2be887dd9f13cbbbb385d08f30ffd2af29407b97f04b65705a9bce7853,pmc-lic-11
cd8e1ae7-a1ab-4ce4-aa1e-511f413ac06a,license,e93449ee-1523-4c1e-977c-aa6f0363ee48,1b3a9ae8-e923-4fb2-8ee1-3efd4fd26f62,e93449ee-1523-4c1e-977c-aa6f0363ee48,pmc-trd-2026-000052_application_note_01.txt,text/plain,140,e048665691de53ff82523dd1d221b5444f52e4dd0d2fa3b5fa5cc59226d4e701,pmc-lic-01
3f80c1d1-4a10-40a3-9daa-b7c68ce92ca7,license,e93449ee-1523-4c1e-977c-aa6f0363ee48,1b3a9ae8-e923-4fb2-8ee1-3efd4fd26f62,e93449ee-1523-4c1e-977c-aa6f0363ee48,pmc-trd-2026-000052_ownership_note_02.txt,text/plain,138,2585dfddccc3c356e02a06f8feffeb7aa626ceea41ea725ebc3a85d992b9ab18,pmc-lic-01
4833607e-78bc-4a59-8ffa-18ecfa53929c,license,4cd86f35-5634-4515-9ea9-a4ad1e259005,1473a290-faa4-4495-9ac2-a381e3a4e897,4cd86f35-5634-4515-9ea9-a4ad1e259005,bmc-occ-2026-000053_application_note_01.txt,text/plain,131,476b3370cbeecb9f8a31defd27a9f40aef6ebcbf7b160acfd2d59aeca2498e13,bmc-lic-03
fe0db420-bb9e-473c-945a-650747204645,license,4cd86f35-5634-4515-9ea9-a4ad1e259005,1473a290-faa4-4495-9ac2-a381e3a4e897,4cd86f35-5634-4515-9ea9-a4ad1e259005,bmc-occ-2026-000053_ownership_note_02.txt,text/plain,129,d0e800d69e4ac62830288291934609ae1e89d05eccd1fa3280962f3754e982a2,bmc-lic-03
916fd21b-3238-4bc8-a1a2-f1d928905977,license,94604e34-738c-4644-bb05-ec99beb0a583,5d2d0cdc-8fa2-4cac-ba2a-9ef5b892da1a,94604e34-738c-4644-bb05-ec99beb0a583,pmc-trd-2026-000054_application_note_01.txt,text/plain,138,3de69b435045da493d809799653655e3377d34bde1d1d75182f96ae4e608d650,pmc-lic-16
c8bc3037-9493-4988-85e5-49402ef4ac85,license,94604e34-738c-4644-bb05-ec99beb0a583,5d2d0cdc-8fa2-4cac-ba2a-9ef5b892da1a,94604e34-738c-4644-bb05-ec99beb0a583,pmc-trd-2026-000054_ownership_note_02.txt,text/plain,136,27e931385da4e7d5fe4d42f30fac0c05143a4c28d44540159c44efa290e040c5,pmc-lic-16
dff6a795-1adb-4b22-860f-1cb88f228387,license,94604e34-738c-4644-bb05-ec99beb0a583,5d2d0cdc-8fa2-4cac-ba2a-9ef5b892da1a,94604e34-738c-4644-bb05-ec99beb0a583,pmc-trd-2026-000054_site_photo_note_03.txt,text/plain,137,3c52abdf439b78f1cbe05244564b1ef32f4966bb37478563985b6fcddb5df24d,pmc-lic-16
86cf60d1-1923-41a3-8e68-aef98d5cf3f6,license,6af7ba1f-7a9d-48b6-863e-653306a3ea3e,7753e6d0-b479-4b43-9dc0-c5caa0e1d998,6af7ba1f-7a9d-48b6-863e-653306a3ea3e,bmc-bpa-2026-000055_application_note_01.txt,text/plain,126,0ab58c185594ec4b9ecbb298a7040815bd61b5bf2de845b329a8861855b4523a,bmc-lic-04
63f690b8-7d7e-4698-8775-1c84f34aa404,license,6af7ba1f-7a9d-48b6-863e-653306a3ea3e,7753e6d0-b479-4b43-9dc0-c5caa0e1d998,6af7ba1f-7a9d-48b6-863e-653306a3ea3e,bmc-bpa-2026-000055_ownership_note_02.txt,text/plain,124,5a8f141861fbc0227cdec827b3b1e5cbedd62585ce2dc558577619075da37b7e,bmc-lic-04
0e124b30-9165-46bb-91bf-dfb035ec2155,license,0cd1c8ea-0e6c-4192-ba90-cef507c479b2,8f3ffd39-fe2e-45e5-af2b-93f0668f67c7,0cd1c8ea-0e6c-4192-ba90-cef507c479b2,pmc-hlt-2026-000056_application_note_01.txt,text/plain,137,9a824aca5b8896dd6d26fc75fa2a9c739dfc389ebbaf9040f2861e319659258e,pmc-lic-16
c9c3157f-b3c3-4f3a-956a-f05108c69f53,license,0cd1c8ea-0e6c-4192-ba90-cef507c479b2,8f3ffd39-fe2e-45e5-af2b-93f0668f67c7,0cd1c8ea-0e6c-4192-ba90-cef507c479b2,pmc-hlt-2026-000056_ownership_note_02.txt,text/plain,135,814833c4c1372124e9a4e76a12eb8eba38eb021c413e28736b1fd41bda58bce5,pmc-lic-16
2c6a166d-8075-4406-a005-1b75a40a3ed0,license,0cd1c8ea-0e6c-4192-ba90-cef507c479b2,8f3ffd39-fe2e-45e5-af2b-93f0668f67c7,0cd1c8ea-0e6c-4192-ba90-cef507c479b2,pmc-hlt-2026-000056_site_photo_note_03.txt,text/plain,136,bc59a69f29e7111531b9b8844de8eb6ac1b7048f3b2a734a5e2f83b4627a53c6,pmc-lic-16
e180573b-7fe8-448d-bc7d-4698c5e470b9,license,bdb37899-38da-49c5-9623-29e73ce35bab,2e44c395-d37f-4c16-8878-2e7f53be790e,bdb37899-38da-49c5-9623-29e73ce35bab,pmc-trd-2026-000057_application_note_01.txt,text/plain,142,91de3be7921c8b1ba2497dad5dcd4939a9d03d28f502bec3c7da89e2a99e7cd8,pmc-lic-12
b1e1f503-6cef-4627-9685-66665a91b355,license,bdb37899-38da-49c5-9623-29e73ce35bab,2e44c395-d37f-4c16-8878-2e7f53be790e,bdb37899-38da-49c5-9623-29e73ce35bab,pmc-trd-2026-000057_ownership_note_02.txt,text/plain,140,145fa2197e08dc2638dd3cb1ee44ed67fc40363de838075a15ad8f0ccb9dee27,pmc-lic-12
1a4425b6-fa72-4353-9fa4-71909e0e5abe,license,bdb37899-38da-49c5-9623-29e73ce35bab,2e44c395-d37f-4c16-8878-2e7f53be790e,bdb37899-38da-49c5-9623-29e73ce35bab,pmc-trd-2026-000057_site_photo_note_03.txt,text/plain,141,6bc96beead77106342d1a507f7543764e769c834d3418a251105c2b7d0857bd8,pmc-lic-12
d2d69ad1-011e-4b5b-a4f4-fbf1c3fd4880,license,7848ef87-b6ee-4b45-8a51-ecfe053bc578,dba8db90-cfa2-4c7d-b747-6bdabe87318d,7848ef87-b6ee-4b45-8a51-ecfe053bc578,bmc-occ-2026-000058_application_note_01.txt,text/plain,127,154d770505b0b11c342c60eca966217adfc808982692e79abc12a37b045297d5,bmc-lic-08
bec1b707-bd06-412e-9d45-7cc98e5a4acc,license,7848ef87-b6ee-4b45-8a51-ecfe053bc578,dba8db90-cfa2-4c7d-b747-6bdabe87318d,7848ef87-b6ee-4b45-8a51-ecfe053bc578,bmc-occ-2026-000058_ownership_note_02.txt,text/plain,125,2bcb965bfa6604db33a931c167005d0d152936cd15b51af91ecc3458067f676d,bmc-lic-08
b0138494-6760-4581-9865-8d857e941ad2,license,1b184fec-c6ac-4bb2-b2c9-6fe85581cc44,7c4d66ab-80f5-48fe-894c-9a017b9a50d9,1b184fec-c6ac-4bb2-b2c9-6fe85581cc44,bmc-hlt-2026-000059_application_note_01.txt,text/plain,127,68a26b80b4df5e2b0f363a34e96441927371cbbfbc196355152d20439e0316ce,bmc-lic-10
f32556f3-7d0c-45ec-be3f-0f8f46bc51b9,license,1b184fec-c6ac-4bb2-b2c9-6fe85581cc44,7c4d66ab-80f5-48fe-894c-9a017b9a50d9,1b184fec-c6ac-4bb2-b2c9-6fe85581cc44,bmc-hlt-2026-000059_ownership_note_02.txt,text/plain,125,ce162d803023c6486ea71a2d0afd01f4a62ff5fc51f3ab9a8b5f453b33b0834a,bmc-lic-10
c7f51f14-4849-49e5-8690-8473b102536c,license,f314c692-b4d6-4f13-b423-56f5a6db2882,caac8789-d96e-4641-a328-e16edfac7ff3,f314c692-b4d6-4f13-b423-56f5a6db2882,bmc-bpa-2026-000060_application_note_01.txt,text/plain,127,ce71f4c43725fb9efc77077faa3b6d11943a7299e1ad14ea3279e22412de2412,bmc-lic-09
4754c6ad-3916-4186-8c22-18cd11a7426c,license,e0d6989c-b45f-4778-aa88-97b1742c9a6d,987d1db8-557d-4ed0-a573-998599aba94a,e0d6989c-b45f-4778-aa88-97b1742c9a6d,bmc-sbd-2026-000061_application_note_01.txt,text/plain,127,91976fdc831e2c44116c508d865ce294f776bc94fc4f15bc70f56089eef15db6,bmc-lic-22
aaeed5f5-0ede-4915-b2ba-6d8d44970972,license,e0d6989c-b45f-4778-aa88-97b1742c9a6d,987d1db8-557d-4ed0-a573-998599aba94a,e0d6989c-b45f-4778-aa88-97b1742c9a6d,bmc-sbd-2026-000061_ownership_note_02.txt,text/plain,125,21419034b3e9694c8921565132d518713eacb11f84642fe0149d576d7457d525,bmc-lic-22
ee05882a-680d-4479-944a-f82a1c9951da,license,c0b7b638-bef9-4f33-b7f3-73a05c4f4d5f,3befc2c7-6b4b-4231-a85f-9b3c3963d57b,c0b7b638-bef9-4f33-b7f3-73a05c4f4d5f,bmc-fir-2026-000062_application_note_01.txt,text/plain,134,a515b118bca7a3db09944ff0d10c94ae0230d355ffe149b1e9f4be3e8b495671,bmc-lic-12
50e8aba9-1f19-48ea-b707-ff13a93fac21,license,24482cd4-7d90-4828-b37f-3ea3f29788bf,858dbd3e-c58c-4606-a6af-33fc0ee6f150,24482cd4-7d90-4828-b37f-3ea3f29788bf,bmc-trd-2026-000063_application_note_01.txt,text/plain,130,a7085f16151c57573cec7d934683c4aa983fefc7d35947f2e0305a9f10a13fff,bmc-lic-14
7c6c167b-b2b7-41b9-8ad5-5d4330043897,license,24482cd4-7d90-4828-b37f-3ea3f29788bf,858dbd3e-c58c-4606-a6af-33fc0ee6f150,24482cd4-7d90-4828-b37f-3ea3f29788bf,bmc-trd-2026-000063_ownership_note_02.txt,text/plain,128,4d17c238861a837ded26a6c9a9c7fe9e745415fb448b08223a7d463407b6db30,bmc-lic-14
885a71e2-c80c-4fcd-b53c-b59791de747b,license,fbe68d7e-ddd1-4dd6-974b-14c27bb71cf0,db6a5326-b6b6-4189-a232-546d24ea8f44,fbe68d7e-ddd1-4dd6-974b-14c27bb71cf0,bmc-fir-2026-000064_application_note_01.txt,text/plain,133,0488a8ef8cee905ea625a06cd3c16d1f6d7bc82da5982dea3f0d84f2b903cc42,bmc-lic-06
84c3aa2e-19b7-47ff-9ddb-47ebc7ba797e,license,fbe68d7e-ddd1-4dd6-974b-14c27bb71cf0,db6a5326-b6b6-4189-a232-546d24ea8f44,fbe68d7e-ddd1-4dd6-974b-14c27bb71cf0,bmc-fir-2026-000064_ownership_note_02.txt,text/plain,131,1b07a5a83db49d742786089e9c5ca6d72c996647e8da7b98d8a2eba9e009692f,bmc-lic-06
dc57f5a3-f940-491d-8516-3b8f26ff9fad,license,0ebc70f5-a28b-4bf7-bcc6-2305ee804971,78b98243-6297-4d95-b837-13482f0b7878,0ebc70f5-a28b-4bf7-bcc6-2305ee804971,bmc-trd-2026-000065_application_note_01.txt,text/plain,124,51b9be6b15c8081b6a1fc03c640af203dcd8e39554ab1558e54636379b682a53,bmc-lic-23
d5a6d9fa-e771-470e-9887-440a7cbc842c,license,0ebc70f5-a28b-4bf7-bcc6-2305ee804971,78b98243-6297-4d95-b837-13482f0b7878,0ebc70f5-a28b-4bf7-bcc6-2305ee804971,bmc-trd-2026-000065_ownership_note_02.txt,text/plain,122,7b481b9e8b28fd2305db6a749ab8b631da83f645bcf94e6a53d4202e7c6eb882,bmc-lic-23
8c3bdc9b-f920-4fca-82c7-d88ba44065ea,license,0ebc70f5-a28b-4bf7-bcc6-2305ee804971,78b98243-6297-4d95-b837-13482f0b7878,0ebc70f5-a28b-4bf7-bcc6-2305ee804971,bmc-trd-2026-000065_site_photo_note_03.txt,text/plain,123,392acccf23f1d527c86c844bc8f2b2b9c82fd3347d3d4ff21b142e5daad878a1,bmc-lic-23
33600d17-b4db-4fe8-b65f-d1865705227c,license,52265f9a-d4bf-4ad1-8014-28766316d7b9,d7378a1a-e127-40b6-a382-6d9e2ffdf5b2,52265f9a-d4bf-4ad1-8014-28766316d7b9,pmc-occ-2026-000066_application_note_01.txt,text/plain,136,5b662839c93989b008223bf4cc677afb4b8baf58e33bd564941c4dbe30f2db71,pmc-lic-08
ce8aab8c-2d83-4772-8145-6186662406e4,license,52265f9a-d4bf-4ad1-8014-28766316d7b9,d7378a1a-e127-40b6-a382-6d9e2ffdf5b2,52265f9a-d4bf-4ad1-8014-28766316d7b9,pmc-occ-2026-000066_ownership_note_02.txt,text/plain,134,20b99eebb68e0eb59947053e950fa1703f736a659e47f1d59a7c76d276b2fb92,pmc-lic-08
021f4a70-5cf1-418f-a023-37d52284ebcc,license,52265f9a-d4bf-4ad1-8014-28766316d7b9,d7378a1a-e127-40b6-a382-6d9e2ffdf5b2,52265f9a-d4bf-4ad1-8014-28766316d7b9,pmc-occ-2026-000066_site_photo_note_03.txt,text/plain,135,1ac6cded9aff80e2e1133db5fa6f770430ca19cabb7740d3f4221eea3077d519,pmc-lic-08
531adf43-4f23-49b0-8858-70eb294813f0,license,423e2945-3e97-40c3-9832-044515edfc59,c4b3f0c1-992b-4510-b094-d49e0e14bbaf,423e2945-3e97-40c3-9832-044515edfc59,pmc-occ-2026-000067_application_note_01.txt,text/plain,141,86eedaec752a5ec6f789e3cf2f63fee8ab34e3006a22a4bb500bed3965af7620,pmc-lic-15
28fe1e9e-b0a1-471f-ad75-faac65f8d747,license,59afd445-c4e1-4fd9-882e-cb12ab61b37d,a07e73f3-b232-4e10-b69f-44159cb9a3f7,59afd445-c4e1-4fd9-882e-cb12ab61b37d,pmc-est-2026-000068_application_note_01.txt,text/plain,128,e18381d8cb4cb0e6a609d5d0a287007e925ad2781866744b745745a275b3c55e,pmc-lic-02
a805166e-7a93-43a6-9278-a88e0b22890d,license,59afd445-c4e1-4fd9-882e-cb12ab61b37d,a07e73f3-b232-4e10-b69f-44159cb9a3f7,59afd445-c4e1-4fd9-882e-cb12ab61b37d,pmc-est-2026-000068_ownership_note_02.txt,text/plain,126,d09cd1bfd88afad584ec9c658b240c111a229d68ad4fe4f67427d0dae1d46e9a,pmc-lic-02
470524d0-19ea-45f4-bd07-50897bfd3533,license,490f4db4-2d57-4b05-a5ce-7e65f2bf3fdf,712cad6f-91b2-46bd-9dbe-108d558d49d4,490f4db4-2d57-4b05-a5ce-7e65f2bf3fdf,bmc-trd-2026-000069_application_note_01.txt,text/plain,131,d4b2210fc94563c8af6f5be94a46a1f81bad2895b8b37716dc780470d65f30ab,bmc-lic-18
f91b61e8-dab7-4bcb-bc48-5b78668b9ce5,license,490f4db4-2d57-4b05-a5ce-7e65f2bf3fdf,712cad6f-91b2-46bd-9dbe-108d558d49d4,490f4db4-2d57-4b05-a5ce-7e65f2bf3fdf,bmc-trd-2026-000069_ownership_note_02.txt,text/plain,129,06bd64008f3a18da35b11a696242f7dc08680e9d64dcca80696bc12c3caa43b4,bmc-lic-18
5de92c61-5dbb-4ad3-aefd-b5bd3ddde4af,license,490f4db4-2d57-4b05-a5ce-7e65f2bf3fdf,712cad6f-91b2-46bd-9dbe-108d558d49d4,490f4db4-2d57-4b05-a5ce-7e65f2bf3fdf,bmc-trd-2026-000069_site_photo_note_03.txt,text/plain,130,6b7ebdc9e5a751a01f527619a8fa776618a439cb98d43ea9ec3d40ede06a9881,bmc-lic-18
1cf27518-a62c-4d8e-9a09-e1372fa2fea0,license,fa5cfbb5-4bc7-4f75-9674-5b536feacf42,7fdfd47a-e7aa-465c-801e-ac3d8dfb9169,fa5cfbb5-4bc7-4f75-9674-5b536feacf42,bmc-trd-2026-000070_application_note_01.txt,text/plain,129,4d2a4e29ce010f3657d259d55a9d402e6324a26ae7feb23a50463aa417caf74e,bmc-lic-16
95350e37-7993-4888-8b97-4dfba548f18b,license,9428b610-98a1-4188-9a1b-b342f737fe90,c5011d4b-6fa8-416b-bf14-9e5b2b647c5a,9428b610-98a1-4188-9a1b-b342f737fe90,pmc-bpa-2026-000071_application_note_01.txt,text/plain,140,8480a09905cda08f0d3c75393bb87224ea138888c294bd03199db23c11ee7c07,pmc-lic-05
686a5ab9-2a7b-4c67-967b-53c2c7b5f17e,license,9428b610-98a1-4188-9a1b-b342f737fe90,c5011d4b-6fa8-416b-bf14-9e5b2b647c5a,9428b610-98a1-4188-9a1b-b342f737fe90,pmc-bpa-2026-000071_ownership_note_02.txt,text/plain,138,f448c2c21432fd4761534e8497c2f7e413755ffb7113df24b5e9d2320d6cf5b7,pmc-lic-05
7f76d371-c4c5-483f-a1b3-a5752a22adf3,license,9428b610-98a1-4188-9a1b-b342f737fe90,c5011d4b-6fa8-416b-bf14-9e5b2b647c5a,9428b610-98a1-4188-9a1b-b342f737fe90,pmc-bpa-2026-000071_site_photo_note_03.txt,text/plain,139,7de3c2bc77efa6a49a8f96d86fb9741f5ccf0e9b74ad7077d2f326c350eb8fc0,pmc-lic-05
48700cc3-996e-4ce2-8078-5823c5f5b333,license,9428b610-98a1-4188-9a1b-b342f737fe90,c5011d4b-6fa8-416b-bf14-9e5b2b647c5a,9428b610-98a1-4188-9a1b-b342f737fe90,pmc-bpa-2026-000071_deficiency_memo_04.txt,text/plain,139,33b2539dc82697f9a78a78377c42a75f300878e6e8f38bb6c8dc4f23c558cc26,pmc-lic-05
24fd8bd8-d0ab-431b-9f66-066e8d043e58,license,316e635c-dd6b-4fe1-be1f-31f2c8e55f1b,ff26b8d3-9d70-49d5-b462-a701746b9914,316e635c-dd6b-4fe1-be1f-31f2c8e55f1b,pmc-trd-2026-000072_application_note_01.txt,text/plain,140,df7ec4a381ad96d48fe5456657a8710cbb0069182efa05ffd0599784c68537ce,pmc-lic-16
0994e2e4-a24c-4b60-a601-4c774d0ec6ef,license,316e635c-dd6b-4fe1-be1f-31f2c8e55f1b,ff26b8d3-9d70-49d5-b462-a701746b9914,316e635c-dd6b-4fe1-be1f-31f2c8e55f1b,pmc-trd-2026-000072_ownership_note_02.txt,text/plain,138,df5d3d9b51a3ab154caeb06f42fb988aa30e6d7d3f5dd51c3459868ea68c1c97,pmc-lic-16
778e87cc-54d6-4481-a82d-082b94ced812,license,316e635c-dd6b-4fe1-be1f-31f2c8e55f1b,ff26b8d3-9d70-49d5-b462-a701746b9914,316e635c-dd6b-4fe1-be1f-31f2c8e55f1b,pmc-trd-2026-000072_site_photo_note_03.txt,text/plain,139,f5c37fa5b42e3f94b5fef5d2e90b3c8f9767a6f74fe8fb93b5685dff9fe41763,pmc-lic-16
c74cb980-dcd4-45ac-a224-eaefd184c0a9,license,0062cf05-eb66-43ac-a4eb-c0255d64a1bb,ac69b102-c36c-4073-b8b1-0dc7ac432dc5,0062cf05-eb66-43ac-a4eb-c0255d64a1bb,pmc-trd-2026-000073_application_note_01.txt,text/plain,138,7121564cd4c40c6bf744dd24b5428e3b6ba0a1f80c5287306c7995760c62fc44,pmc-lic-08
c3278f49-cfcc-40a6-beea-38280d00ceeb,license,28042598-d738-481e-80d6-3166d66c0cea,69e450fc-306f-44da-99fc-afa4adc15d80,28042598-d738-481e-80d6-3166d66c0cea,bmc-trd-2026-000074_application_note_01.txt,text/plain,133,701bfa13392aa097ebb37ae24cf2d47fca4059135c09094cf97b4f0524b23399,bmc-lic-07
8599a883-2d06-4e74-9ab7-89d29f32606a,license,28042598-d738-481e-80d6-3166d66c0cea,69e450fc-306f-44da-99fc-afa4adc15d80,28042598-d738-481e-80d6-3166d66c0cea,bmc-trd-2026-000074_ownership_note_02.txt,text/plain,131,1246ab910eff1445f1b1f06c26044520d3acddabc5bb302aad5b7481c841b43a,bmc-lic-07
0e7bdceb-bd66-4b73-a17a-52fc548b72b5,license,9c15ab9f-7f54-4f46-b49f-cd2422956833,dc386861-03e4-49c4-9af3-2af9ec0a47f4,9c15ab9f-7f54-4f46-b49f-cd2422956833,bmc-trd-2026-000075_application_note_01.txt,text/plain,132,b17365edde15590a3937481da38ebd573ca834f6470fa5ee90d269104f9287d7,bmc-lic-08
0e9af72c-130c-47e4-b51d-0e92e51fc6a9,license,9c15ab9f-7f54-4f46-b49f-cd2422956833,dc386861-03e4-49c4-9af3-2af9ec0a47f4,9c15ab9f-7f54-4f46-b49f-cd2422956833,bmc-trd-2026-000075_ownership_note_02.txt,text/plain,130,981b4e59e3ae3eb7a1b205b97a20eb8d8361be33bf40021a3f67bd3025690c00,bmc-lic-08
d4cbad12-e37d-4148-a92b-4d438a3e0d12,license,9c15ab9f-7f54-4f46-b49f-cd2422956833,dc386861-03e4-49c4-9af3-2af9ec0a47f4,9c15ab9f-7f54-4f46-b49f-cd2422956833,bmc-trd-2026-000075_site_photo_note_03.txt,text/plain,131,0499c052d71d1a466ed80d9630d93161721f9ee6ab2228f7414101a4475e246a,bmc-lic-08
80877621-aae8-40b8-a8c8-df357ed70c82,license,96f4bcaf-7595-4cba-be10-f65307bac098,7aa0d257-f4e9-4ba6-93d0-b24483b0931c,96f4bcaf-7595-4cba-be10-f65307bac098,pmc-bpa-2026-000076_application_note_01.txt,text/plain,132,dd2f9dba170ccbf84c4982f4a520ec1e18e02a8d739e1e1f8735f6cf710f1b7f,pmc-lic-16
37a9085b-00d0-469a-9344-d579a66eab37,license,96f4bcaf-7595-4cba-be10-f65307bac098,7aa0d257-f4e9-4ba6-93d0-b24483b0931c,96f4bcaf-7595-4cba-be10-f65307bac098,pmc-bpa-2026-000076_ownership_note_02.txt,text/plain,130,64dd3f3a481a9a2087b3fc0ef650180c626ab328d8ffc1ec0d0f9939478aa72d,pmc-lic-16
7401caff-418e-4453-b648-089d6a357809,license,1b4e3ce3-2c82-4aaa-8f75-01d259c8f1a8,1946757f-d35b-49d2-81f0-829b32b97914,1b4e3ce3-2c82-4aaa-8f75-01d259c8f1a8,bmc-trd-2026-000077_application_note_01.txt,text/plain,131,7fed52faf786d82c7bf8cb24472e160c9d3e4f786cd13bfa799e4521ea3f87b7,bmc-lic-15
db6df9f2-0aac-49ac-bc3e-28cee014bcb9,license,1b4e3ce3-2c82-4aaa-8f75-01d259c8f1a8,1946757f-d35b-49d2-81f0-829b32b97914,1b4e3ce3-2c82-4aaa-8f75-01d259c8f1a8,bmc-trd-2026-000077_ownership_note_02.txt,text/plain,129,2abf45a08423007b6a032a5cb6b792cab1c88cd727c9a41a178da0222fcfc69e,bmc-lic-15
c4068b34-402d-48ab-8890-db4d5ddcfaaf,license,f4aab9ae-f89c-4f1e-a921-3a945bd8901d,4808f8a3-4025-4c15-97bc-73ac81fc3698,f4aab9ae-f89c-4f1e-a921-3a945bd8901d,pmc-trd-2026-000078_application_note_01.txt,text/plain,127,cbb4355c5ef38901deb72c073921b242d1c2b53043beeace365e9b70cfda8492,pmc-lic-03
0ba98412-87cd-4efc-a508-04a7f961baf3,license,6d7f01d5-6648-41fd-b7a4-73deaeb2d94b,e3f8261e-6bbb-4cd5-aaa0-4e7850d9f7dc,6d7f01d5-6648-41fd-b7a4-73deaeb2d94b,pmc-sto-2026-000079_application_note_01.txt,text/plain,141,c64e3c3262a4675e47e04ea553fd1cfc762ec4508d21c7ceda9d8527872a75a4,pmc-lic-14
9ba24fb4-9b5b-4d66-9c53-d19703287558,license,6d7f01d5-6648-41fd-b7a4-73deaeb2d94b,e3f8261e-6bbb-4cd5-aaa0-4e7850d9f7dc,6d7f01d5-6648-41fd-b7a4-73deaeb2d94b,pmc-sto-2026-000079_ownership_note_02.txt,text/plain,139,afe24930737442e54c392008de6b1e5a28e3e0a8f8138727b77aedfe901ccf83,pmc-lic-14
ac2fe66b-e764-4f1a-9db9-65327d4d0d00,license,6d7f01d5-6648-41fd-b7a4-73deaeb2d94b,e3f8261e-6bbb-4cd5-aaa0-4e7850d9f7dc,6d7f01d5-6648-41fd-b7a4-73deaeb2d94b,pmc-sto-2026-000079_site_photo_note_03.txt,text/plain,140,3e24c5f21c5870ceee6219b10ef9431f1b830ed45e00210283e8af55782634dc,pmc-lic-14
178f8a0a-c79a-472b-9b85-0363ffe7e327,license,a7c9c152-dd55-4fe7-8df5-6fb5968f2273,ad05c979-42b8-4976-9817-5ff6e5ee6d6a,a7c9c152-dd55-4fe7-8df5-6fb5968f2273,bmc-bpa-2026-000080_application_note_01.txt,text/plain,127,b64f7bdb1d27a49eb14cdcbe8d64dac3dc85750c0d320e7e3dc7fb7861a06adc,bmc-lic-03
c3455d95-254a-4e15-82d6-ad4a3a76dccc,license,a7c9c152-dd55-4fe7-8df5-6fb5968f2273,ad05c979-42b8-4976-9817-5ff6e5ee6d6a,a7c9c152-dd55-4fe7-8df5-6fb5968f2273,bmc-bpa-2026-000080_ownership_note_02.txt,text/plain,125,df6c44f4d559e6fc692372b6499a9795d7c4d4a96196f144c545cbbb437f6680,bmc-lic-03
76b3825a-60e9-4693-9d0a-4011a01e542c,license,c9a18c0f-2412-414e-b13c-2d6efe330026,34a2d85c-b62c-4e3a-a0dc-95fbf2711c8f,c9a18c0f-2412-414e-b13c-2d6efe330026,pmc-bpa-2026-000081_application_note_01.txt,text/plain,136,339499e3becf545f1af269e4492f8101cfeb8a01cb614986fb103c8a3e75e42f,pmc-lic-11
caa27755-9578-48df-a457-4d18c4eb3a7b,license,4803cef1-b8ab-4e01-9277-ae898c661f63,257cf4ef-1c88-4de9-9a17-fa8db8926bd9,4803cef1-b8ab-4e01-9277-ae898c661f63,pmc-bpa-2026-000082_application_note_01.txt,text/plain,128,c8f87c6b699e7e332708330b23fd5e28de3d301a0b9cd05dc7f962edda0a845c,pmc-lic-09
c5786ee7-008d-4191-a8cb-4975a1ec742b,license,4803cef1-b8ab-4e01-9277-ae898c661f63,257cf4ef-1c88-4de9-9a17-fa8db8926bd9,4803cef1-b8ab-4e01-9277-ae898c661f63,pmc-bpa-2026-000082_ownership_note_02.txt,text/plain,126,7e191f5d0becd4c9e0ace85a25a265fa7c62918f6389a6195028eec58332cd73,pmc-lic-09
3d5ac898-b4cb-46a5-aa09-5687fe217c6f,license,3759d55c-e107-4114-9e2e-94ed29127679,10a2c7ad-75fd-493e-9e27-0e95b87a6fdd,3759d55c-e107-4114-9e2e-94ed29127679,pmc-fir-2026-000083_application_note_01.txt,text/plain,143,2e3c3b363d11bbccf3525509036967f4b8e8408f6e450fc35f1b362ef8f304ed,pmc-lic-14
2cbccf3c-e0d9-47da-aa19-54bf4cb8d423,license,3759d55c-e107-4114-9e2e-94ed29127679,10a2c7ad-75fd-493e-9e27-0e95b87a6fdd,3759d55c-e107-4114-9e2e-94ed29127679,pmc-fir-2026-000083_ownership_note_02.txt,text/plain,141,34d694b48701899e64c678927cbe870e155b4db5a466ae622bdace09f46094e6,pmc-lic-14
a8e47ee9-353a-405b-b147-d184a2a2567e,license,827f255a-fa27-4509-8074-f78f72afd8d9,5bc940f8-ca7b-4f06-ab9e-4702b8beb008,827f255a-fa27-4509-8074-f78f72afd8d9,bmc-sto-2026-000084_application_note_01.txt,text/plain,127,56b2b4ca538403487fbe8aa04262f97ab81b143020540d93649ce7af21af6808,bmc-lic-22
e84dd938-c221-43c0-90dc-eb021f31cfd6,license,159a330d-ad60-4688-aa19-f3dee1a40d49,81bee747-3fec-4b00-ab34-0a5a1f9b2ef8,159a330d-ad60-4688-aa19-f3dee1a40d49,bmc-hlt-2026-000085_application_note_01.txt,text/plain,127,2a66149e970a402fd562ff6b6c0a88d4c86b626f49b5be56f7f0c758cf52e23f,bmc-lic-17
65831489-517e-4e12-8278-3073e3b0c827,license,35d76890-785a-483f-8782-2beb9a1c2e6a,a713a23a-d764-4a84-af5e-f314fe202f4d,35d76890-785a-483f-8782-2beb9a1c2e6a,pmc-trd-2026-000086_application_note_01.txt,text/plain,134,70b5d02d0fb58bf8cc15e36009a078fbc8a9d03ddc1a921f1fdb91ca4bfe1448,pmc-lic-06
a66805b1-830f-461e-804c-fbfc721b5543,license,5dc21c99-7a67-4998-8b92-112c079ee857,c359488b-80d8-4f7f-8ab0-ee1d29e82872,5dc21c99-7a67-4998-8b92-112c079ee857,bmc-hlt-2026-000087_application_note_01.txt,text/plain,125,33b9176e44df943883e9f800ee08b1ffe55200c1bbe052a7d8313d484eb0aa2c,bmc-lic-22
5b62cbee-6c6b-478a-b573-399ae8d83de4,license,2b3b9dc9-ace8-40f7-a124-1dfdc249d53d,18d57d6c-210d-45ba-bc2c-426ebca9a576,2b3b9dc9-ace8-40f7-a124-1dfdc249d53d,pmc-trd-2026-000088_application_note_01.txt,text/plain,134,5b98b8bb7e08440e00ce1cca1126bf0244367fa32cfcbd70bad7b4abb3c07815,pmc-lic-06
360fde1e-8a42-48a4-a9c7-746f40f40604,license,2b3b9dc9-ace8-40f7-a124-1dfdc249d53d,18d57d6c-210d-45ba-bc2c-426ebca9a576,2b3b9dc9-ace8-40f7-a124-1dfdc249d53d,pmc-trd-2026-000088_ownership_note_02.txt,text/plain,132,7fdae784fcd61ce1d512aca9b05ff4a6841df6778ce64d7725e3251a2fee5dfd,pmc-lic-06
384a3a89-af45-4cdc-8d49-10c78fe911c8,license,e8ffc80b-c6fc-4bf1-aec3-7f29db5c8f80,ea30d4c9-439e-46fd-b335-5f9408b8573e,e8ffc80b-c6fc-4bf1-aec3-7f29db5c8f80,bmc-trd-2026-000089_application_note_01.txt,text/plain,129,c084db5535e4a1463494d76045366b14c7de99f1adaf00f9f1f092e3d00d7e88,bmc-lic-13
1738bec3-1b22-4664-b3fc-0d67f0b5f25b,license,e8ffc80b-c6fc-4bf1-aec3-7f29db5c8f80,ea30d4c9-439e-46fd-b335-5f9408b8573e,e8ffc80b-c6fc-4bf1-aec3-7f29db5c8f80,bmc-trd-2026-000089_ownership_note_02.txt,text/plain,127,7fff8ad2bc843646d29364dc6defe158d5e9e066fab2e966321a5a4bde1c0a23,bmc-lic-13
36bb10fe-0b5d-4ee0-bb5a-10067865af1c,license,e8ffc80b-c6fc-4bf1-aec3-7f29db5c8f80,ea30d4c9-439e-46fd-b335-5f9408b8573e,e8ffc80b-c6fc-4bf1-aec3-7f29db5c8f80,bmc-trd-2026-000089_site_photo_note_03.txt,text/plain,128,58f3042ca55e91a4dbe84571bf8648abb93308f6469acc828dca645f8fa37d54,bmc-lic-13
de2c4ec2-9114-480b-97db-e43ee52c6ddf,license,30d55df9-371f-473e-b625-285b52e9e607,34f5b68d-7585-4708-96b6-d8843a57114f,30d55df9-371f-473e-b625-285b52e9e607,bmc-occ-2026-000090_application_note_01.txt,text/plain,130,681510873b0eebfad44cd3ee8bba051bebbca465f3d9fc9adf71d69c3065c4d5,bmc-lic-07
3187520f-a36c-4146-99c8-23eb3b06c223,license,30d55df9-371f-473e-b625-285b52e9e607,34f5b68d-7585-4708-96b6-d8843a57114f,30d55df9-371f-473e-b625-285b52e9e607,bmc-occ-2026-000090_ownership_note_02.txt,text/plain,128,e20a42964936f231ceaa8ae79fc296fb9d15ff66c11b75758388e33643c9d64b,bmc-lic-07
c01457b0-60b3-4086-bdd8-9317b8e16d3a,license,30d55df9-371f-473e-b625-285b52e9e607,34f5b68d-7585-4708-96b6-d8843a57114f,30d55df9-371f-473e-b625-285b52e9e607,bmc-occ-2026-000090_site_photo_note_03.txt,text/plain,129,cf18320d3084055863a1a64ea26fc28973ee5625a1ffe4960d8039dd3beada71,bmc-lic-07
e897f0b0-6070-4ecd-8563-799a6007805d,license,64e87c9b-971c-4c56-a7cc-56ecae06f1fb,536c5c65-3f9a-465d-986c-ae0b0eb372e5,64e87c9b-971c-4c56-a7cc-56ecae06f1fb,pmc-hlt-2026-000091_application_note_01.txt,text/plain,134,2a78663caa29193890c4e9e83f045ad3c82a73f50851fdbe58e5fd0eb0fdb177,pmc-lic-04
dd320702-a02d-404e-b8cd-8a0fd0ba6d22,license,64e87c9b-971c-4c56-a7cc-56ecae06f1fb,536c5c65-3f9a-465d-986c-ae0b0eb372e5,64e87c9b-971c-4c56-a7cc-56ecae06f1fb,pmc-hlt-2026-000091_ownership_note_02.txt,text/plain,132,04f81207d18596150fa36bb9a59c86fa7640522b46b5b62aef85d8fa9a40658c,pmc-lic-04
5ef48f23-d868-4649-ab0f-4ccfe1576daa,license,2ea6be36-79db-4c5f-bb7d-dbe97dda8a42,ddf656a1-c3b6-48ec-b6f9-6ef834e996ba,2ea6be36-79db-4c5f-bb7d-dbe97dda8a42,pmc-est-2026-000092_application_note_01.txt,text/plain,141,aba9b1af73e2461c8cb3b78265a3cc0607097b68dff81774d47f8e5d30a88066,pmc-lic-14
bad60ff9-afea-4d6b-8684-2ed83dba8756,license,2ea6be36-79db-4c5f-bb7d-dbe97dda8a42,ddf656a1-c3b6-48ec-b6f9-6ef834e996ba,2ea6be36-79db-4c5f-bb7d-dbe97dda8a42,pmc-est-2026-000092_ownership_note_02.txt,text/plain,139,63b013b2c0f19bcdd2d9e1d1b4e6860cefda69ac8ee03cd935941bff3433ded7,pmc-lic-14
abcd0dce-a7b6-4a85-a33f-e95bc84d1d8b,license,2ea6be36-79db-4c5f-bb7d-dbe97dda8a42,ddf656a1-c3b6-48ec-b6f9-6ef834e996ba,2ea6be36-79db-4c5f-bb7d-dbe97dda8a42,pmc-est-2026-000092_site_photo_note_03.txt,text/plain,140,6fa7ca65eb3b29e471b6a7a317828ac700cd80d67bbb7b4257d4776aad7be3ff,pmc-lic-14
c1e11d8c-1dfe-45ee-8799-f77e1cc00102,license,3642bf3b-7cdd-45fb-a75f-921ae7a8db30,e86fb747-0c20-48c1-99d5-a96a8d2e0667,3642bf3b-7cdd-45fb-a75f-921ae7a8db30,pmc-trd-2026-000093_application_note_01.txt,text/plain,142,f5a99394b59411d46905c3b4c648a1a274b4f0fc4d0057c7fa821c1fecf56e9d,pmc-lic-12
b6023b8d-f875-40b6-ba45-7479959f8c70,license,3642bf3b-7cdd-45fb-a75f-921ae7a8db30,e86fb747-0c20-48c1-99d5-a96a8d2e0667,3642bf3b-7cdd-45fb-a75f-921ae7a8db30,pmc-trd-2026-000093_ownership_note_02.txt,text/plain,140,852b1b2c90f5feaa3847cbf337eca54ef73a6efd929e2d26b4b42bbc2cefbc0e,pmc-lic-12
e279a861-1cb6-4281-93d7-3125a0e96700,license,5a2aff39-12de-4c60-baab-8ef44a636d79,e23fa8f2-ffcb-48c3-b389-a956ceea767e,5a2aff39-12de-4c60-baab-8ef44a636d79,bmc-est-2026-000094_application_note_01.txt,text/plain,128,86bd1e45d5832f7a8663b9a88d515f817aa93672f490449b35a6ea1f2b93d0d6,bmc-lic-17
7d4c3922-e6f5-45a0-8ec4-ed20c91cc46c,license,5a2aff39-12de-4c60-baab-8ef44a636d79,e23fa8f2-ffcb-48c3-b389-a956ceea767e,5a2aff39-12de-4c60-baab-8ef44a636d79,bmc-est-2026-000094_ownership_note_02.txt,text/plain,126,48927fa05266fc83c81eccf635908405b4af3d71c41cbf16b7711204f35865b6,bmc-lic-17
6807bcfe-3179-4312-95bc-84ce838868b3,license,5a2aff39-12de-4c60-baab-8ef44a636d79,e23fa8f2-ffcb-48c3-b389-a956ceea767e,5a2aff39-12de-4c60-baab-8ef44a636d79,bmc-est-2026-000094_site_photo_note_03.txt,text/plain,127,f5bb152ff1dec5845db5ae56629b951f46b34853497f4ab758f785779123f3ec,bmc-lic-17
02a92db7-2f11-411a-a2e6-f7567a315472,license,1456d8cd-796a-4a39-b854-a828952cef21,aa73aaa6-d506-473d-b602-1e56a4c7e044,1456d8cd-796a-4a39-b854-a828952cef21,bmc-hlt-2026-000095_application_note_01.txt,text/plain,128,91a5a63ff194b5a54346edbcfd353570d5117a231e21d44c157c9910d093823f,bmc-lic-14
b3942792-45e2-4aa8-bbb4-24a68b26c915,license,1456d8cd-796a-4a39-b854-a828952cef21,aa73aaa6-d506-473d-b602-1e56a4c7e044,1456d8cd-796a-4a39-b854-a828952cef21,bmc-hlt-2026-000095_ownership_note_02.txt,text/plain,126,9c0916a4fd92e987acd97e2cc31ccba076daa5112a754796955cc765c921281f,bmc-lic-14
917e93ab-7dec-4e4b-9b94-ece5489a37fa,license,1456d8cd-796a-4a39-b854-a828952cef21,aa73aaa6-d506-473d-b602-1e56a4c7e044,1456d8cd-796a-4a39-b854-a828952cef21,bmc-hlt-2026-000095_site_photo_note_03.txt,text/plain,127,bf5ca9d622a1f2c17e14fbf75689ad168743a8c74193ef080654f9f988ef7b98,bmc-lic-14
494d3a6c-4b5b-4659-b8cd-8f42ad400e45,license,d1ca8149-10e3-4880-a4bf-0345428dc20c,ce47c246-7ef7-4d71-b3d0-13eb40cc02f1,d1ca8149-10e3-4880-a4bf-0345428dc20c,pmc-occ-2026-000096_application_note_01.txt,text/plain,138,8bba2ba3b951de1730a838d0859e39a61ae38193a1104fef2d37fc2b775e6fac,pmc-lic-05
d081427b-5897-42fb-a790-fbef383dc343,license,d1ca8149-10e3-4880-a4bf-0345428dc20c,ce47c246-7ef7-4d71-b3d0-13eb40cc02f1,d1ca8149-10e3-4880-a4bf-0345428dc20c,pmc-occ-2026-000096_ownership_note_02.txt,text/plain,136,d41b156ac3891a2ee0a81df1db8abf6c04060b27d3203c640122e7e15cee86f3,pmc-lic-05
0f038f49-d8c1-47bd-ac72-a30491542509,license,d1ca8149-10e3-4880-a4bf-0345428dc20c,ce47c246-7ef7-4d71-b3d0-13eb40cc02f1,d1ca8149-10e3-4880-a4bf-0345428dc20c,pmc-occ-2026-000096_site_photo_note_03.txt,text/plain,137,0bdc596c8791ba92a65838fc9fdd071182e9958b884aac010ce23a28a1d3f309,pmc-lic-05
e8baf7f3-143d-4459-9abd-da145874669b,license,52d78878-38e7-49fb-b79c-a42105ae68c8,dbacd5f3-041b-42b1-93a8-57bff7362431,52d78878-38e7-49fb-b79c-a42105ae68c8,bmc-sto-2026-000097_application_note_01.txt,text/plain,131,f1b3953e476f19bf64e8451aeadf9b6c7b0ae17573129fbc490656436290061f,bmc-lic-09
f5d2baeb-9e6e-4eea-85a4-4d11ac2ed1aa,license,52d78878-38e7-49fb-b79c-a42105ae68c8,dbacd5f3-041b-42b1-93a8-57bff7362431,52d78878-38e7-49fb-b79c-a42105ae68c8,bmc-sto-2026-000097_ownership_note_02.txt,text/plain,129,1c48f66697ac398890efc380fbe7e7a98b559437bd786d39f9049c30f35f0482,bmc-lic-09
80bb3f0a-1726-4b75-b6f6-1700c540172c,license,f47e9682-0e62-46d2-bf97-d8346425ec0e,8f9242e0-92ca-41d9-8e1b-f578b47a7f65,f47e9682-0e62-46d2-bf97-d8346425ec0e,pmc-hlt-2026-000098_application_note_01.txt,text/plain,129,981de165239b51a7d35f80a3d868e792d870aa4fb2b78ba8cdda09258f2b98ab,pmc-lic-13
9865dfe6-0ee3-4552-86c0-f7fb0757ea23,license,5278b9d5-8aff-4cb3-bc04-6f026f00e572,e62d09cf-031b-4788-9279-290a457c1bd6,5278b9d5-8aff-4cb3-bc04-6f026f00e572,pmc-sto-2026-000099_application_note_01.txt,text/plain,129,b26d4b3267f12d9cc0cde81ea5847c073a89b4c245909956ad0c921e2c2c9de0,pmc-lic-09
a6bdfb44-cbfa-450b-a388-bf720bd6d3db,license,20735752-fdf4-4db7-82c0-24f4da9d95aa,16d6f7b6-c1e2-439e-be9f-72c05b141f25,20735752-fdf4-4db7-82c0-24f4da9d95aa,bmc-bpa-2026-000100_application_note_01.txt,text/plain,128,083d51702813be03bd7e3b0c13881a0738d3360013b04a1761885795e84796fa,bmc-lic-07
5af5a159-788f-47df-8563-8ae39ab728dc,license,20735752-fdf4-4db7-82c0-24f4da9d95aa,16d6f7b6-c1e2-439e-be9f-72c05b141f25,20735752-fdf4-4db7-82c0-24f4da9d95aa,bmc-bpa-2026-000100_ownership_note_02.txt,text/plain,126,a49c11529db4ca93fb0cb75fd051267ebdd2237941dd94f545dbca08df29263b,bmc-lic-07
f36fe429-1806-47a6-b241-8de45cd6e030,license,20735752-fdf4-4db7-82c0-24f4da9d95aa,16d6f7b6-c1e2-439e-be9f-72c05b141f25,20735752-fdf4-4db7-82c0-24f4da9d95aa,bmc-bpa-2026-000100_site_photo_note_03.txt,text/plain,127,620248533f6a84121b4f73d36ced35efc7f1366ac20e124a969e58c1e6cdbb76,bmc-lic-07
2addab70-3e44-4650-94fb-a879ba3962bc,license,20735752-fdf4-4db7-82c0-24f4da9d95aa,16d6f7b6-c1e2-439e-be9f-72c05b141f25,20735752-fdf4-4db7-82c0-24f4da9d95aa,bmc-bpa-2026-000100_deficiency_memo_04.txt,text/plain,127,eadf5f4eba5fcaf76aeeb159940d9a8807fd5a4a8a63ed7788496cb20444ddb1,bmc-lic-07
422bf0cf-ceec-4610-9b54-0c8d8ba920a9,license,b9ac773e-0079-4ae0-b382-4e79d4138c66,ea6cf2b8-70e0-45be-867b-b1015737017c,b9ac773e-0079-4ae0-b382-4e79d4138c66,pmc-trd-2026-000101_application_note_01.txt,text/plain,140,732c28023ebd719b3d9ff123c3c539f0d440b6dfcb2c7a170a38c32e9f483643,pmc-lic-10
03d8a892-a8c8-4cf8-98d4-eaeec3e72542,license,515722d2-6862-4c23-9946-45e8898e59f2,b4ee5d50-9979-4b34-8d21-4af3573b578d,515722d2-6862-4c23-9946-45e8898e59f2,pmc-est-2026-000102_application_note_01.txt,text/plain,142,e6c4414153917bf074395c90c6607d6f780e2dcf577b00fbbec4edf67a48c4a8,pmc-lic-14
2fd46b2d-04f5-447b-8caa-d466bb79d59b,license,515722d2-6862-4c23-9946-45e8898e59f2,b4ee5d50-9979-4b34-8d21-4af3573b578d,515722d2-6862-4c23-9946-45e8898e59f2,pmc-est-2026-000102_ownership_note_02.txt,text/plain,140,8373d3b180a20409978ce1469a35c54d20b74e3dcb0fcbf3bb0c0890a4f1f997,pmc-lic-14
1e047003-8cb9-4fbb-b57f-44d4e1e10434,license,515722d2-6862-4c23-9946-45e8898e59f2,b4ee5d50-9979-4b34-8d21-4af3573b578d,515722d2-6862-4c23-9946-45e8898e59f2,pmc-est-2026-000102_site_photo_note_03.txt,text/plain,141,5df48bc9a0361389995b69ee26a122c23d363895c0e6b9d8757593ac43b8adc3,pmc-lic-14
fbe329b5-720e-48cd-af21-7929de5ff1d6,license,29019702-9a43-4050-b089-b8ca6040dcc4,a0510d1d-a16c-44d6-b5dd-2e0c7d108ee3,29019702-9a43-4050-b089-b8ca6040dcc4,bmc-bpa-2026-000103_application_note_01.txt,text/plain,131,6eb8bb9c8422ed526370dfe09b2e6f97bf97fd5ae20b97d6f2607f3ee269a733,bmc-lic-08
13da746e-4ef8-449f-9093-d752a3d4afd4,license,29019702-9a43-4050-b089-b8ca6040dcc4,a0510d1d-a16c-44d6-b5dd-2e0c7d108ee3,29019702-9a43-4050-b089-b8ca6040dcc4,bmc-bpa-2026-000103_ownership_note_02.txt,text/plain,129,6e7676cbd33d16b3db9613feab97275124053d6f16f72cf406ce335c8e449857,bmc-lic-08
8265d62c-255d-4130-8e3b-b1c8c6a14e03,license,18541fc0-987e-41c6-8e4f-396c0fe2cd31,439e4705-9879-4d58-9f3a-0ef9f4e98f71,18541fc0-987e-41c6-8e4f-396c0fe2cd31,pmc-bpa-2026-000104_application_note_01.txt,text/plain,135,20e2719b3b8d7706734ab94269bd0fcdf2ae1c8043cc01536712faa44ad03c5a,pmc-lic-08
cf28d26e-12d5-4c62-a4cf-0a6633abfc04,license,18541fc0-987e-41c6-8e4f-396c0fe2cd31,439e4705-9879-4d58-9f3a-0ef9f4e98f71,18541fc0-987e-41c6-8e4f-396c0fe2cd31,pmc-bpa-2026-000104_ownership_note_02.txt,text/plain,133,4e463027b8db16fd04fb8a06c156c3ca826d4f53052723590901f36552e7f617,pmc-lic-08
02d58ddb-048c-4e1e-bb43-05463f68bb04,license,18541fc0-987e-41c6-8e4f-396c0fe2cd31,439e4705-9879-4d58-9f3a-0ef9f4e98f71,18541fc0-987e-41c6-8e4f-396c0fe2cd31,pmc-bpa-2026-000104_site_photo_note_03.txt,text/plain,134,a4aa895cb7bdc736734cdc552edbbfc68a931624e8b075696575732fd9b35c12,pmc-lic-08
07a4a0d2-7dac-4c7c-990f-00ac7235f135,license,06f15931-7867-40fb-89c4-0fc85e2d86b6,4f33509f-d97f-4abe-a972-1b5ef1dfa3cc,06f15931-7867-40fb-89c4-0fc85e2d86b6,bmc-sbd-2026-000105_application_note_01.txt,text/plain,128,c8eda6d646a5655b61ed49a0d01218677862a327d87c7a39844d47fe09dc15ea,bmc-lic-10
1891c01e-6be8-4291-9c9a-d1f857539ec3,license,0ccae267-2ee0-4306-aff9-ff845ddab957,aa988b32-7e07-46bf-899e-9a432ba97f73,0ccae267-2ee0-4306-aff9-ff845ddab957,pmc-occ-2026-000106_application_note_01.txt,text/plain,132,44a5a127b7c071f35395d70d9e8b4c705c2c26226f8a0717ada5e4b3b96e2fb8,pmc-lic-13
703e6c33-8dba-4614-92d2-d82f4257c74f,license,0ccae267-2ee0-4306-aff9-ff845ddab957,aa988b32-7e07-46bf-899e-9a432ba97f73,0ccae267-2ee0-4306-aff9-ff845ddab957,pmc-occ-2026-000106_ownership_note_02.txt,text/plain,130,b74c0368acfb15ad7eb35a97963084c8f5c8e5a6c541377f4916d5ecaeaac542,pmc-lic-13
0b1a2b76-9f1c-427e-8335-37f535539025,license,cb71c31f-39f0-4b50-ac34-ce7b987e8921,f3de999f-1c86-4b42-a478-1ee4705704ab,cb71c31f-39f0-4b50-ac34-ce7b987e8921,pmc-trd-2026-000107_application_note_01.txt,text/plain,136,d686daec5b551b16fd4ed39ceb3d4a699d98fb37b9f0ee5fdd30fa5994c521c4,pmc-lic-08
62716822-d715-44d3-8a2f-348943187881,license,8fcd71c8-a8f6-4390-ad6d-759eee4cf512,2292aa51-96a2-4e9f-9c92-ee947cdc0970,8fcd71c8-a8f6-4390-ad6d-759eee4cf512,pmc-sto-2026-000108_application_note_01.txt,text/plain,128,fbc9666cb922df8d98adef18137ac85007007a8df45e4fccf2572f80922bdff6,pmc-lic-09
e0c2a5c1-79ab-45f9-8b58-12f876332c08,license,0c74ef8e-6fe0-447b-83b8-31392072ee2f,b868b243-1964-4636-a69a-918b8ededf63,0c74ef8e-6fe0-447b-83b8-31392072ee2f,pmc-trd-2026-000109_application_note_01.txt,text/plain,132,bb95b940209862e4ca42ec1a3d17e78fd49fdec23d9c96aeb2690e0044c52fb8,pmc-lic-16
09b1dce6-6650-43ab-a1c9-d5c0e954b519,license,0c74ef8e-6fe0-447b-83b8-31392072ee2f,b868b243-1964-4636-a69a-918b8ededf63,0c74ef8e-6fe0-447b-83b8-31392072ee2f,pmc-trd-2026-000109_ownership_note_02.txt,text/plain,130,65996e474ff3f4713bf1634d8b9e80d9085d5884dc5a5111f65133653dc13a54,pmc-lic-16
92584f71-ec91-4509-b9ad-bab12ec2647c,license,0c74ef8e-6fe0-447b-83b8-31392072ee2f,b868b243-1964-4636-a69a-918b8ededf63,0c74ef8e-6fe0-447b-83b8-31392072ee2f,pmc-trd-2026-000109_site_photo_note_03.txt,text/plain,131,5c8b6aa50fa0ce4e2d6ad38b424eb215e0f4fdaa5b6801cd7b57584043ccb10f,pmc-lic-16
0df5e735-1c80-4e04-bc4b-c764af5fb019,license,dd0b7e93-9061-4280-b17a-61a5cf7e3a06,9769c0d4-2d62-456a-bb1e-890d72eb194a,dd0b7e93-9061-4280-b17a-61a5cf7e3a06,pmc-fir-2026-000110_application_note_01.txt,text/plain,140,23161fe17a40c661731a678b29f808c407a43d1db04a726a8f9d39f68b5b6951,pmc-lic-08
4cf9a24f-e3c2-4067-9c9f-e455fac23da6,license,dd0b7e93-9061-4280-b17a-61a5cf7e3a06,9769c0d4-2d62-456a-bb1e-890d72eb194a,dd0b7e93-9061-4280-b17a-61a5cf7e3a06,pmc-fir-2026-000110_ownership_note_02.txt,text/plain,138,c2949142c3c2c2eab1668a819b9b3162c86d0f5b535123ace2efde66a755bd9f,pmc-lic-08
cd0b4bd7-6630-4963-9b2a-0d8446c500db,license,b4b4bd36-df68-49b1-9c29-4e219e8c5161,2db936db-e6d2-4f0b-b2ac-1a36540932b3,b4b4bd36-df68-49b1-9c29-4e219e8c5161,pmc-fir-2026-000111_application_note_01.txt,text/plain,134,59459a06a83364d8b65858284e2b5a08fe03c7ebd546de3fe02b3ea7f1630183,pmc-lic-06
0c7eda89-b066-4859-9b60-582b6752739d,license,4e557a7d-6619-4bc5-8a4f-1c7ae9548ede,221a9033-5e70-477f-9938-8518a1b839d2,4e557a7d-6619-4bc5-8a4f-1c7ae9548ede,bmc-bpa-2026-000112_application_note_01.txt,text/plain,128,478ea21a8f70899db55f96ab4a585ee1438a9003096a680137c55daf7aa5570d,bmc-lic-05
e901ba95-7f41-419d-bb74-9edb93c585a1,license,4e557a7d-6619-4bc5-8a4f-1c7ae9548ede,221a9033-5e70-477f-9938-8518a1b839d2,4e557a7d-6619-4bc5-8a4f-1c7ae9548ede,bmc-bpa-2026-000112_ownership_note_02.txt,text/plain,126,6f8879115b2febe186178e3ce53e6f87862b3c849eede01df9afbe9114efb101,bmc-lic-05
6d808e4b-4a25-4666-9b64-060a82884679,license,4e557a7d-6619-4bc5-8a4f-1c7ae9548ede,221a9033-5e70-477f-9938-8518a1b839d2,4e557a7d-6619-4bc5-8a4f-1c7ae9548ede,bmc-bpa-2026-000112_site_photo_note_03.txt,text/plain,127,7701cedfcc11dcd57e4537b27c168190b2163b9c7afc90de681a5cdb270b6a1f,bmc-lic-05
167813e9-137d-4a3e-9e59-77059c29bc09,license,4e557a7d-6619-4bc5-8a4f-1c7ae9548ede,221a9033-5e70-477f-9938-8518a1b839d2,4e557a7d-6619-4bc5-8a4f-1c7ae9548ede,bmc-bpa-2026-000112_deficiency_memo_04.txt,text/plain,127,47b904931358dbb175575cf77c87224b52de1b015db3e816b1694260149a1f87,bmc-lic-05
902043e4-c7a8-42d5-b9f5-5780baa1a592,license,6eaf1897-be40-498e-acdc-2d8800fa4410,dc962667-dabf-4d7e-8067-c35aa232eb44,6eaf1897-be40-498e-acdc-2d8800fa4410,pmc-occ-2026-000113_application_note_01.txt,text/plain,140,f502ff3845aa29cd30e5c741ba250896582dc9af18c16795f978eb6e70053144,pmc-lic-12
e544b956-2c69-4730-83d6-299cccc2c7f0,license,446d63d0-c303-4d31-80a6-ae19638e6c10,c3851fc9-38dc-4977-a13b-e42e6e8ed9d7,446d63d0-c303-4d31-80a6-ae19638e6c10,pmc-trd-2026-000114_application_note_01.txt,text/plain,134,74ac5b9e5416af0294b7b9ecc3edd7b7a887fa50ab111343c3575c2c2e1f3128,pmc-lic-04
612499e8-8fce-4bd7-a0a7-47e754107236,license,446d63d0-c303-4d31-80a6-ae19638e6c10,c3851fc9-38dc-4977-a13b-e42e6e8ed9d7,446d63d0-c303-4d31-80a6-ae19638e6c10,pmc-trd-2026-000114_ownership_note_02.txt,text/plain,132,b2fede110c7cf106a7d8fa3f8c2ee9ef2849ea52b66a6864b283de8e977acca2,pmc-lic-04
455d637d-b30f-4a98-aa50-0baa23fa2acf,license,446d63d0-c303-4d31-80a6-ae19638e6c10,c3851fc9-38dc-4977-a13b-e42e6e8ed9d7,446d63d0-c303-4d31-80a6-ae19638e6c10,pmc-trd-2026-000114_site_photo_note_03.txt,text/plain,133,a9ae5e324dd2d5ead9b31eefaeaded7fc3e0b4a087f91f4acb36b9f41bc22fc8,pmc-lic-04
fd35643c-a58c-4000-b194-3eaf6045fba3,license,86eeb5e2-8086-4385-b581-18b32622b1b4,da4493fb-176d-4351-8591-06ab1528f557,86eeb5e2-8086-4385-b581-18b32622b1b4,pmc-trd-2026-000115_application_note_01.txt,text/plain,140,69a7015c85eb00338ba035ba7b242847ee8f0c3f8b6a5046f0d5cb5b0616c635,pmc-lic-12
98795cd4-ff02-44ff-871b-d17c3ce9b709,license,108cd829-ec07-426c-b349-9c60f7ddba4a,2cb86dfd-1f14-4482-8c19-f2a2ac7394d6,108cd829-ec07-426c-b349-9c60f7ddba4a,bmc-trd-2026-000116_application_note_01.txt,text/plain,127,abd22dd79516f3a8aaf5105000ae265a971af90e6f146f730bc7a8e45381d959,bmc-lic-13
bd5ac25f-a326-4cc0-bc7f-abe5ca42b839,license,108cd829-ec07-426c-b349-9c60f7ddba4a,2cb86dfd-1f14-4482-8c19-f2a2ac7394d6,108cd829-ec07-426c-b349-9c60f7ddba4a,bmc-trd-2026-000116_ownership_note_02.txt,text/plain,125,1b98f6f7cdc30a48badc26b79af9ed874cad7d9746eb5d8af3f9abd445c6db93,bmc-lic-13
bfee9c29-7407-4e89-b8d7-4901371d7673,license,108cd829-ec07-426c-b349-9c60f7ddba4a,2cb86dfd-1f14-4482-8c19-f2a2ac7394d6,108cd829-ec07-426c-b349-9c60f7ddba4a,bmc-trd-2026-000116_site_photo_note_03.txt,text/plain,126,395ce738818016afdd26e007713e04ebbbb2814e66d4029d6444203debfa605f,bmc-lic-13
55e0557a-8b40-405b-a536-30eb51e880a5,license,8950f312-3310-481c-841b-b91c75955f9f,707cabb0-2f1e-4a7f-a8d6-0f6b9af23d24,8950f312-3310-481c-841b-b91c75955f9f,pmc-occ-2026-000117_application_note_01.txt,text/plain,130,0943563a6c1c1dd9c73b25234854b7edfdd92eb6f4e4a406973e5f07aacb7736,pmc-lic-16
8ca8e189-7de3-4607-aee0-ee8911ac6c8b,license,8950f312-3310-481c-841b-b91c75955f9f,707cabb0-2f1e-4a7f-a8d6-0f6b9af23d24,8950f312-3310-481c-841b-b91c75955f9f,pmc-occ-2026-000117_ownership_note_02.txt,text/plain,128,b9f652c28cd65bab3e506c263078487c2a92f07654677679da137645eb4804cc,pmc-lic-16
19d56ace-06f0-47d6-8e07-a6b8c32bc9a0,license,e44eb7e5-155b-4b1b-b96e-f1e53edee96f,80a0a2f9-675a-4e76-a88d-48d88e216859,e44eb7e5-155b-4b1b-b96e-f1e53edee96f,pmc-sbd-2026-000118_application_note_01.txt,text/plain,138,a76bb3ae95db422d30982862ed1ba82228637fa6c07f3df6f78814029115a29d,pmc-lic-01
5c7fd9b9-b943-4d89-a448-d3fa2fe29993,license,e44eb7e5-155b-4b1b-b96e-f1e53edee96f,80a0a2f9-675a-4e76-a88d-48d88e216859,e44eb7e5-155b-4b1b-b96e-f1e53edee96f,pmc-sbd-2026-000118_ownership_note_02.txt,text/plain,136,3631f1cf4fedc5aaf5530f82a40c52c3104855ae3103f6d9f7c73a5f56a4a3ec,pmc-lic-01
4ee60bee-e5d9-4f93-b326-7d050d9a06b6,license,e44eb7e5-155b-4b1b-b96e-f1e53edee96f,80a0a2f9-675a-4e76-a88d-48d88e216859,e44eb7e5-155b-4b1b-b96e-f1e53edee96f,pmc-sbd-2026-000118_site_photo_note_03.txt,text/plain,137,eace0500e3ba3c325c3faff8767f7bc3792079c6ada8d168f5bc7a2fd1fe27be,pmc-lic-01
07ab41ce-448c-4855-8d41-4c89242a4719,license,5bfc3e54-7dcb-47d5-9479-e18a30c50310,e066cebd-3457-4541-8ca4-6dd7ab34de1e,5bfc3e54-7dcb-47d5-9479-e18a30c50310,pmc-sbd-2026-000119_application_note_01.txt,text/plain,136,e8436881d2dfadbef429d00b1acfd7fb4a53a1be9b9e529fcc74d4738366eb83,pmc-lic-01
d38339c6-d050-46df-b4bb-4d6f4db1fe9b,license,5bfc3e54-7dcb-47d5-9479-e18a30c50310,e066cebd-3457-4541-8ca4-6dd7ab34de1e,5bfc3e54-7dcb-47d5-9479-e18a30c50310,pmc-sbd-2026-000119_ownership_note_02.txt,text/plain,134,9ff98408f47e5f3ab5cf7929d239572fc47f6d686c1acb30b921497b79bbda16,pmc-lic-01
7a28bf7f-f4f1-4e59-8795-52651fae90e5,license,09f94fd7-74dd-4405-874a-ee9940fb7131,b3373010-cf0d-48c8-8e61-f1551937b1c3,09f94fd7-74dd-4405-874a-ee9940fb7131,pmc-trd-2026-000120_application_note_01.txt,text/plain,145,97926843c467beceb4de8bc986bcbfac0b551a5ab4ceb4f8a8d8bc6f36e5b340,pmc-lic-12
0b93a85c-5010-44bb-97f1-3d6a9f4c0049,license,77c914c9-5517-4e4f-9292-4a0ffcc50c5a,7d6e93a7-6bed-4699-820f-8a7de52c3a14,77c914c9-5517-4e4f-9292-4a0ffcc50c5a,bmc-sbd-2026-000121_application_note_01.txt,text/plain,130,0f25c879d60d1e6a53a1f09979ea116d25e9f220134bc715d6bd85de6d0849bb,bmc-lic-18
f03c6fa9-b142-4cf8-a1aa-2ea004289bd3,license,77c914c9-5517-4e4f-9292-4a0ffcc50c5a,7d6e93a7-6bed-4699-820f-8a7de52c3a14,77c914c9-5517-4e4f-9292-4a0ffcc50c5a,bmc-sbd-2026-000121_ownership_note_02.txt,text/plain,128,2aee043c1f8da18c0472752f6957ff67782e96fac0bfa24ca857332aa250b4a3,bmc-lic-18
e4905f92-1c2f-4235-a5bc-efd036176ff1,license,13fcfa15-7d6d-45b2-92ea-c113bf81bfae,ece28690-ab85-4530-9bce-4ba45d6f827a,13fcfa15-7d6d-45b2-92ea-c113bf81bfae,bmc-trd-2026-000122_application_note_01.txt,text/plain,127,f57925e3927594e0c3298af0020747ed713cb402bd3abc0c523e06ae58a1fed5,bmc-lic-23
856808ee-52bc-4a69-930c-a12d17a77c4c,license,4c798374-5cdc-483f-aa99-f60ee5a97455,682a45c8-4fad-44ee-8ecf-4de7bb4e899f,4c798374-5cdc-483f-aa99-f60ee5a97455,pmc-sto-2026-000123_application_note_01.txt,text/plain,140,80130d0c1427f3cc09988984cf123cbdc59d37284320b0519fced3b38097277c,pmc-lic-06
d8e09216-199d-42ba-a56b-475b2af5e7c2,license,03ef6e40-5c2e-45a2-8365-eefd4f32be53,476913bc-6b74-4c91-8d72-3bcfe0501981,03ef6e40-5c2e-45a2-8365-eefd4f32be53,pmc-fir-2026-000124_application_note_01.txt,text/plain,135,c7aa3e21fd360460796b0caed567bfa27e67e186822979facd6518b70bcca921,pmc-lic-06
ba8ed4b5-0841-4e64-86c9-7ab11038bb42,license,e6ae3f23-70df-479d-a6ed-316276c6b673,27b137f2-6149-483d-a148-f2b49cd230f4,e6ae3f23-70df-479d-a6ed-316276c6b673,pmc-sbd-2026-000125_application_note_01.txt,text/plain,130,4877e1da5a142893befa053de88b2e114e05fedb0fae46f06f880970529c1c29,pmc-lic-16
